GerEmailID,GerConfEmailID
Germany001@mailinator.com,Germany001@mailinator.com
Germany002@mailinator.com,Germany002@mailinator.com
Germany003@mailinator.com,Germany003@mailinator.com
Germany004@mailinator.com,Germany004@mailinator.com
Germany005@mailinator.com,Germany005@mailinator.com
Germany006@mailinator.com,Germany006@mailinator.com
Germany007@mailinator.com,Germany007@mailinator.com
Germany008@mailinator.com,Germany008@mailinator.com
Germany009@mailinator.com,Germany009@mailinator.com
Germany010@mailinator.com,Germany010@mailinator.com
