Email1,Email2
balram16@mailinator.com,balram16@mailinator.com
balram17@mailinator.com,balram17@mailinator.com
balram18@mailinator.com,balram18@mailinator.com
balram19@mailinator.com,balram19@mailinator.com
balram20@mailinator.com,balram20@mailinator.com
balram21@mailinator.com,balram21@mailinator.com
balram22@mailinator.com,balram22@mailinator.com
balram23@mailinator.com,balram23@mailinator.com
balram24@mailinator.com,balram24@mailinator.com
balram25@mailinator.com,balram25@mailinator.com
balram26@mailinator.com,balram26@mailinator.com
balram27@mailinator.com,balram27@mailinator.com
balram28@mailinator.com,balram28@mailinator.com
balram29@mailinator.com,balram29@mailinator.com
balram30@mailinator.com,balram30@mailinator.com
balram31@mailinator.com,balram31@mailinator.com
balram32@mailinator.com,balram32@mailinator.com
balram33@mailinator.com,balram33@mailinator.com
balram34@mailinator.com,balram34@mailinator.com
balram35@mailinator.com,balram35@mailinator.com
balram36@mailinator.com,balram36@mailinator.com
balram37@mailinator.com,balram37@mailinator.com
balram38@mailinator.com,balram38@mailinator.com
balram39@mailinator.com,balram39@mailinator.com
balram40@mailinator.com,balram40@mailinator.com
balram41@mailinator.com,balram41@mailinator.com
balram42@mailinator.com,balram42@mailinator.com
balram43@mailinator.com,balram43@mailinator.com
balram44@mailinator.com,balram44@mailinator.com
balram45@mailinator.com,balram45@mailinator.com
balram46@mailinator.com,balram46@mailinator.com
balram47@mailinator.com,balram47@mailinator.com
balram48@mailinator.com,balram48@mailinator.com
balram49@mailinator.com,balram49@mailinator.com
balram50@mailinator.com,balram50@mailinator.com
