User,EmailId
balram7,balram7@mailinator.com
balram8,balram8@mailinator.com
balram9,balram9@mailinator.com
balram10,balram10@mailinator.com
balram11,balram11@mailinator.com
balram12,balram12@mailinator.com
balram13,balram13@mailinator.com
balram14,balram14@mailinator.com
balram15,balram15@mailinator.com
balram16,balram16@mailinator.com
balram17,balram17@mailinator.com
balram18,balram18@mailinator.com
balram19,balram19@mailinator.com
balram20,balram20@mailinator.com
balram21,balram21@mailinator.com
balram22,balram22@mailinator.com
balram23,balram23@mailinator.com
balram24,balram24@mailinator.com
balram25,balram25@mailinator.com
balram26,balram26@mailinator.com
balram27,balram27@mailinator.com
balram28,balram28@mailinator.com
balram29,balram29@mailinator.com
balram30,balram30@mailinator.com
balram31,balram31@mailinator.com
balram32,balram32@mailinator.com
balram33,balram33@mailinator.com
balram34,balram34@mailinator.com
balram35,balram35@mailinator.com
balram36,balram36@mailinator.com
balram37,balram37@mailinator.com
balram38,balram38@mailinator.com
balram39,balram39@mailinator.com
balram40,balram40@mailinator.com
balram41,balram41@mailinator.com
balram42,balram42@mailinator.com
balram43,balram43@mailinator.com
balram44,balram44@mailinator.com
balram45,balram45@mailinator.com
balram46,balram46@mailinator.com
balram47,balram47@mailinator.com
balram48,balram48@mailinator.com
balram49,balram49@mailinator.com
balram50,balram50@mailinator.com
