UserId,Password,LotNumbers
15419@gmail.com,Copart@1,291088
15420@gmail.com,Copart@1,290843
15421@gmail.com,Copart@1,289287
15422@gmail.com,Copart@1,291127
15423@gmail.com,Copart@1,289780
15424@gmail.com,Copart@1,291244
15425@gmail.com,Copart@1,290287
15426@gmail.com,Copart@1,291474
15427@gmail.com,Copart@1,291493
15428@gmail.com,Copart@1,291202
15429@gmail.com,Copart@1,291215
15430@gmail.com,Copart@1,291124
15431@gmail.com,Copart@1,291678
15432@gmail.com,Copart@1,291739
15433@gmail.com,Copart@1,291764
15434@gmail.com,Copart@1,290017
15435@gmail.com,Copart@1,290846
15436@gmail.com,Copart@1,291934
15437@gmail.com,Copart@1,291935
15438@gmail.com,Copart@1,291412
15439@gmail.com,Copart@1,292449
15440@gmail.com,Copart@1,292458
15441@gmail.com,Copart@1,291297
15442@gmail.com,Copart@1,289873
15443@gmail.com,Copart@1,240659
15444@gmail.com,Copart@1,290786
15445@gmail.com,Copart@1,289525
15446@gmail.com,Copart@1,289321
15447@gmail.com,Copart@1,293414
15448@gmail.com,Copart@1,290856
15449@gmail.com,Copart@1,292331
15450@gmail.com,Copart@1,291425
15451@gmail.com,Copart@1,291612
15452@gmail.com,Copart@1,290860
15453@gmail.com,Copart@1,290845
15454@gmail.com,Copart@1,292356
15455@gmail.com,Copart@1,292358
15456@gmail.com,Copart@1,292359
15457@gmail.com,Copart@1,292360
15458@gmail.com,Copart@1,228071
15459@gmail.com,Copart@1,293143
15460@gmail.com,Copart@1,293171
15461@gmail.com,Copart@1,293175
15462@gmail.com,Copart@1,293272
15463@gmail.com,Copart@1,293279
15464@gmail.com,Copart@1,293284
15465@gmail.com,Copart@1,293094
15466@gmail.com,Copart@1,293639
15467@gmail.com,Copart@1,293678
15468@gmail.com,Copart@1,293680
15469@gmail.com,Copart@1,293682
15470@gmail.com,Copart@1,293732
15471@gmail.com,Copart@1,293733
15472@gmail.com,Copart@1,293735
15473@gmail.com,Copart@1,293747
15474@gmail.com,Copart@1,293753
15475@gmail.com,Copart@1,293773
15476@gmail.com,Copart@1,293781
15477@gmail.com,Copart@1,293784
15478@gmail.com,Copart@1,293787
15479@gmail.com,Copart@1,293818
15480@gmail.com,Copart@1,293819
15481@gmail.com,Copart@1,293881
15482@gmail.com,Copart@1,293884
15483@gmail.com,Copart@1,293887
15484@gmail.com,Copart@1,293888
15485@gmail.com,Copart@1,293891
15486@gmail.com,Copart@1,293893
15487@gmail.com,Copart@1,293897
15488@gmail.com,Copart@1,293900
15489@gmail.com,Copart@1,293909
15490@gmail.com,Copart@1,293911
15491@gmail.com,Copart@1,293914
15492@gmail.com,Copart@1,293916
15493@gmail.com,Copart@1,293945
15494@gmail.com,Copart@1,293947
15495@gmail.com,Copart@1,293948
15496@gmail.com,Copart@1,293950
15497@gmail.com,Copart@1,293953
15498@gmail.com,Copart@1,293956
15499@gmail.com,Copart@1,293964
15500@gmail.com,Copart@1,293969
15501@gmail.com,Copart@1,293986
15502@gmail.com,Copart@1,294027
15503@gmail.com,Copart@1,294028
15504@gmail.com,Copart@1,294078
15505@gmail.com,Copart@1,294088
15506@gmail.com,Copart@1,294091
15507@gmail.com,Copart@1,294092
15508@gmail.com,Copart@1,294095
15509@gmail.com,Copart@1,294096
15510@gmail.com,Copart@1,294097
15511@gmail.com,Copart@1,294098
15512@gmail.com,Copart@1,294099
15513@gmail.com,Copart@1,247099
15514@gmail.com,Copart@1,291922
15515@gmail.com,Copart@1,294125
15516@gmail.com,Copart@1,294127
15517@gmail.com,Copart@1,291921
15518@gmail.com,Copart@1,294159
15519@gmail.com,Copart@1,294161
15520@gmail.com,Copart@1,294162
15521@gmail.com,Copart@1,294164
15522@gmail.com,Copart@1,294165
15523@gmail.com,Copart@1,294167
15524@gmail.com,Copart@1,294168
15525@gmail.com,Copart@1,294169
15526@gmail.com,Copart@1,294171
15527@gmail.com,Copart@1,294173
15528@gmail.com,Copart@1,294174
15529@gmail.com,Copart@1,294175
15530@gmail.com,Copart@1,294177
15531@gmail.com,Copart@1,294178
15532@gmail.com,Copart@1,294179
15533@gmail.com,Copart@1,294181
15534@gmail.com,Copart@1,294184
15535@gmail.com,Copart@1,294185
15536@gmail.com,Copart@1,294186
15537@gmail.com,Copart@1,294187
15538@gmail.com,Copart@1,294188
15539@gmail.com,Copart@1,294194
15540@gmail.com,Copart@1,294196
15541@gmail.com,Copart@1,294201
15542@gmail.com,Copart@1,294202
15543@gmail.com,Copart@1,292538
15544@gmail.com,Copart@1,292539
15545@gmail.com,Copart@1,292543
15546@gmail.com,Copart@1,292549
15547@gmail.com,Copart@1,234122
15548@gmail.com,Copart@1,292554
15549@gmail.com,Copart@1,291955
15550@gmail.com,Copart@1,291904
15551@gmail.com,Copart@1,291114
15552@gmail.com,Copart@1,288794
15553@gmail.com,Copart@1,288249
15554@gmail.com,Copart@1,286434
15555@gmail.com,Copart@1,287701
15556@gmail.com,Copart@1,287844
15557@gmail.com,Copart@1,287791
15558@gmail.com,Copart@1,289549
15559@gmail.com,Copart@1,287656
15560@gmail.com,Copart@1,288872
15561@gmail.com,Copart@1,288284
15562@gmail.com,Copart@1,287055
15563@gmail.com,Copart@1,284635
15564@gmail.com,Copart@1,284949
15565@gmail.com,Copart@1,284594
15566@gmail.com,Copart@1,285130
15567@gmail.com,Copart@1,284561
15568@gmail.com,Copart@1,284050
15569@gmail.com,Copart@1,283904
15570@gmail.com,Copart@1,283945
15571@gmail.com,Copart@1,279984
15572@gmail.com,Copart@1,282532
15573@gmail.com,Copart@1,274862
15574@gmail.com,Copart@1,272415
15575@gmail.com,Copart@1,253663
15576@gmail.com,Copart@1,265616
15577@gmail.com,Copart@1,271548
15578@gmail.com,Copart@1,283027
15579@gmail.com,Copart@1,284495
15580@gmail.com,Copart@1,284420
15581@gmail.com,Copart@1,284986
15582@gmail.com,Copart@1,285747
15583@gmail.com,Copart@1,292868
15584@gmail.com,Copart@1,292870
15585@gmail.com,Copart@1,292874
15586@gmail.com,Copart@1,292877
15587@gmail.com,Copart@1,292881
15588@gmail.com,Copart@1,292911
15589@gmail.com,Copart@1,292915
15590@gmail.com,Copart@1,292937
15591@gmail.com,Copart@1,292939
15592@gmail.com,Copart@1,288069
15593@gmail.com,Copart@1,293090
15594@gmail.com,Copart@1,286121
15595@gmail.com,Copart@1,287840
15596@gmail.com,Copart@1,287717
15597@gmail.com,Copart@1,288285
15598@gmail.com,Copart@1,291282
15599@gmail.com,Copart@1,286912
15600@gmail.com,Copart@1,282906
15601@gmail.com,Copart@1,289099
15602@gmail.com,Copart@1,289719
15603@gmail.com,Copart@1,290265
15604@gmail.com,Copart@1,286925
15605@gmail.com,Copart@1,290525
15606@gmail.com,Copart@1,287688
15607@gmail.com,Copart@1,284634
15608@gmail.com,Copart@1,284706
15609@gmail.com,Copart@1,284944
15610@gmail.com,Copart@1,283598
15611@gmail.com,Copart@1,284941
15612@gmail.com,Copart@1,284248
15613@gmail.com,Copart@1,285323
15614@gmail.com,Copart@1,284618
15615@gmail.com,Copart@1,286918
15616@gmail.com,Copart@1,286838
15617@gmail.com,Copart@1,286447
15618@gmail.com,Copart@1,274754
15619@gmail.com,Copart@1,256246
15620@gmail.com,Copart@1,274392
15621@gmail.com,Copart@1,286190
15622@gmail.com,Copart@1,288857
15623@gmail.com,Copart@1,289594
15624@gmail.com,Copart@1,294223
15625@gmail.com,Copart@1,294217
15626@gmail.com,Copart@1,294222
15627@gmail.com,Copart@1,295228
15628@gmail.com,Copart@1,274750
15629@gmail.com,Copart@1,275190
15630@gmail.com,Copart@1,291511
15631@gmail.com,Copart@1,291508
15632@gmail.com,Copart@1,291510
15633@gmail.com,Copart@1,274549
15634@gmail.com,Copart@1,274652
15635@gmail.com,Copart@1,274670
15636@gmail.com,Copart@1,274431
15637@gmail.com,Copart@1,274111
15638@gmail.com,Copart@1,274313
15639@gmail.com,Copart@1,257640
15640@gmail.com,Copart@1,260850
15641@gmail.com,Copart@1,230598
15642@gmail.com,Copart@1,262831
15643@gmail.com,Copart@1,264470
15644@gmail.com,Copart@1,265166
15645@gmail.com,Copart@1,267629
15646@gmail.com,Copart@1,249013
15647@gmail.com,Copart@1,271543
15648@gmail.com,Copart@1,272242
15649@gmail.com,Copart@1,272324
15650@gmail.com,Copart@1,273765
15651@gmail.com,Copart@1,274070
15652@gmail.com,Copart@1,252637
15653@gmail.com,Copart@1,277255
15654@gmail.com,Copart@1,277480
15655@gmail.com,Copart@1,277717
15656@gmail.com,Copart@1,278314
15657@gmail.com,Copart@1,278462
15658@gmail.com,Copart@1,278796
15659@gmail.com,Copart@1,278982
15660@gmail.com,Copart@1,278991
15661@gmail.com,Copart@1,279019
15662@gmail.com,Copart@1,278668
15663@gmail.com,Copart@1,279138
15664@gmail.com,Copart@1,279196
15665@gmail.com,Copart@1,279421
15666@gmail.com,Copart@1,279590
15667@gmail.com,Copart@1,279926
15668@gmail.com,Copart@1,280567
15669@gmail.com,Copart@1,280624
15670@gmail.com,Copart@1,282227
15671@gmail.com,Copart@1,282514
15672@gmail.com,Copart@1,282515
15673@gmail.com,Copart@1,282574
15674@gmail.com,Copart@1,282868
15675@gmail.com,Copart@1,275341
15676@gmail.com,Copart@1,275348
15677@gmail.com,Copart@1,275519
15678@gmail.com,Copart@1,275746
15679@gmail.com,Copart@1,275635
15680@gmail.com,Copart@1,275858
15681@gmail.com,Copart@1,283577
15682@gmail.com,Copart@1,283699
15683@gmail.com,Copart@1,283714
15684@gmail.com,Copart@1,283768
15685@gmail.com,Copart@1,283949
15686@gmail.com,Copart@1,284048
15687@gmail.com,Copart@1,284145
15688@gmail.com,Copart@1,284337
15689@gmail.com,Copart@1,282523
15690@gmail.com,Copart@1,283432
15691@gmail.com,Copart@1,283597
15692@gmail.com,Copart@1,285005
15693@gmail.com,Copart@1,285099
15694@gmail.com,Copart@1,285180
15695@gmail.com,Copart@1,285185
15696@gmail.com,Copart@1,285195
15697@gmail.com,Copart@1,285275
15698@gmail.com,Copart@1,284942
15699@gmail.com,Copart@1,284522
15700@gmail.com,Copart@1,283100
15701@gmail.com,Copart@1,284724
15702@gmail.com,Copart@1,284815
15703@gmail.com,Copart@1,284985
15704@gmail.com,Copart@1,285332
15705@gmail.com,Copart@1,285335
15706@gmail.com,Copart@1,285490
15707@gmail.com,Copart@1,285497
15708@gmail.com,Copart@1,285736
15709@gmail.com,Copart@1,285770
15710@gmail.com,Copart@1,285799
15711@gmail.com,Copart@1,285811
15712@gmail.com,Copart@1,285912
15713@gmail.com,Copart@1,284058
15714@gmail.com,Copart@1,285944
15715@gmail.com,Copart@1,285946
15716@gmail.com,Copart@1,286008
15717@gmail.com,Copart@1,286036
15718@gmail.com,Copart@1,286294
15719@gmail.com,Copart@1,286328
15720@gmail.com,Copart@1,286331
15721@gmail.com,Copart@1,286364
15722@gmail.com,Copart@1,286378
15723@gmail.com,Copart@1,286465
15724@gmail.com,Copart@1,286547
15725@gmail.com,Copart@1,286561
15726@gmail.com,Copart@1,286231
15727@gmail.com,Copart@1,286753
15728@gmail.com,Copart@1,286754
15729@gmail.com,Copart@1,286777
15730@gmail.com,Copart@1,285836
15731@gmail.com,Copart@1,286836
15732@gmail.com,Copart@1,287187
15733@gmail.com,Copart@1,287217
15734@gmail.com,Copart@1,287223
15735@gmail.com,Copart@1,287227
15736@gmail.com,Copart@1,287229
15737@gmail.com,Copart@1,287266
15738@gmail.com,Copart@1,287283
15739@gmail.com,Copart@1,287285
15740@gmail.com,Copart@1,287334
15741@gmail.com,Copart@1,287357
15742@gmail.com,Copart@1,287374
15743@gmail.com,Copart@1,287496
15744@gmail.com,Copart@1,287524
15745@gmail.com,Copart@1,287525
15746@gmail.com,Copart@1,287539
15747@gmail.com,Copart@1,287552
15748@gmail.com,Copart@1,287557
15749@gmail.com,Copart@1,287584
15750@gmail.com,Copart@1,287590
15751@gmail.com,Copart@1,287614
15752@gmail.com,Copart@1,287615
15753@gmail.com,Copart@1,287618
15754@gmail.com,Copart@1,287689
15755@gmail.com,Copart@1,287740
15756@gmail.com,Copart@1,286383
15757@gmail.com,Copart@1,286384
15758@gmail.com,Copart@1,286411
15759@gmail.com,Copart@1,286864
15760@gmail.com,Copart@1,286870
15761@gmail.com,Copart@1,286922
15762@gmail.com,Copart@1,287064
15763@gmail.com,Copart@1,284072
15764@gmail.com,Copart@1,287122
15765@gmail.com,Copart@1,287158
15766@gmail.com,Copart@1,287159
15767@gmail.com,Copart@1,285866
15768@gmail.com,Copart@1,287050
15769@gmail.com,Copart@1,287772
15770@gmail.com,Copart@1,288349
15771@gmail.com,Copart@1,288375
15772@gmail.com,Copart@1,288384
15773@gmail.com,Copart@1,288487
15774@gmail.com,Copart@1,288504
15775@gmail.com,Copart@1,287663
15776@gmail.com,Copart@1,288238
15777@gmail.com,Copart@1,288579
15778@gmail.com,Copart@1,288589
15779@gmail.com,Copart@1,288629
15780@gmail.com,Copart@1,288360
15781@gmail.com,Copart@1,288274
15782@gmail.com,Copart@1,288752
15783@gmail.com,Copart@1,288769
15784@gmail.com,Copart@1,288780
15785@gmail.com,Copart@1,287793
15786@gmail.com,Copart@1,287835
15787@gmail.com,Copart@1,287899
15788@gmail.com,Copart@1,287927
15789@gmail.com,Copart@1,287991
15790@gmail.com,Copart@1,288817
15791@gmail.com,Copart@1,288882
15792@gmail.com,Copart@1,288885
15793@gmail.com,Copart@1,288966
15794@gmail.com,Copart@1,288975
15795@gmail.com,Copart@1,288977
15796@gmail.com,Copart@1,288985
15797@gmail.com,Copart@1,288084
15798@gmail.com,Copart@1,288168
15799@gmail.com,Copart@1,288191
15800@gmail.com,Copart@1,288209
15801@gmail.com,Copart@1,288214
15802@gmail.com,Copart@1,288224
15803@gmail.com,Copart@1,289038
15804@gmail.com,Copart@1,289045
15805@gmail.com,Copart@1,289185
15806@gmail.com,Copart@1,289215
15807@gmail.com,Copart@1,289230
15808@gmail.com,Copart@1,289350
15809@gmail.com,Copart@1,289375
15810@gmail.com,Copart@1,289404
15811@gmail.com,Copart@1,289439
15812@gmail.com,Copart@1,289448
15813@gmail.com,Copart@1,287853
15814@gmail.com,Copart@1,289468
15815@gmail.com,Copart@1,289480
15816@gmail.com,Copart@1,287365
15817@gmail.com,Copart@1,289524
15818@gmail.com,Copart@1,289617
15819@gmail.com,Copart@1,289619
15820@gmail.com,Copart@1,289513
15821@gmail.com,Copart@1,289674
15822@gmail.com,Copart@1,289691
15823@gmail.com,Copart@1,289706
15824@gmail.com,Copart@1,289764
15825@gmail.com,Copart@1,289783
15826@gmail.com,Copart@1,289797
15827@gmail.com,Copart@1,289824
15828@gmail.com,Copart@1,289967
15829@gmail.com,Copart@1,289994
15830@gmail.com,Copart@1,290001
15831@gmail.com,Copart@1,290007
15832@gmail.com,Copart@1,289966
15833@gmail.com,Copart@1,289963
15834@gmail.com,Copart@1,290034
15835@gmail.com,Copart@1,290135
15836@gmail.com,Copart@1,290160
15837@gmail.com,Copart@1,290166
15838@gmail.com,Copart@1,290204
15839@gmail.com,Copart@1,290212
15840@gmail.com,Copart@1,290224
15841@gmail.com,Copart@1,290235
15842@gmail.com,Copart@1,290386
15843@gmail.com,Copart@1,288510
15844@gmail.com,Copart@1,289557
15845@gmail.com,Copart@1,288852
15846@gmail.com,Copart@1,288252
15847@gmail.com,Copart@1,290473
15848@gmail.com,Copart@1,290664
15849@gmail.com,Copart@1,290685
15850@gmail.com,Copart@1,288947
15851@gmail.com,Copart@1,290703
15852@gmail.com,Copart@1,290780
15853@gmail.com,Copart@1,289726
15854@gmail.com,Copart@1,290594
15855@gmail.com,Copart@1,288236
15856@gmail.com,Copart@1,290878
15857@gmail.com,Copart@1,290044
15858@gmail.com,Copart@1,290407
15859@gmail.com,Copart@1,290994
15860@gmail.com,Copart@1,290036
15861@gmail.com,Copart@1,291024
15862@gmail.com,Copart@1,290056
15863@gmail.com,Copart@1,291088
15864@gmail.com,Copart@1,290843
15865@gmail.com,Copart@1,289287
15866@gmail.com,Copart@1,291127
15867@gmail.com,Copart@1,289780
15868@gmail.com,Copart@1,291244
15869@gmail.com,Copart@1,290287
15870@gmail.com,Copart@1,291474
15871@gmail.com,Copart@1,291493
15872@gmail.com,Copart@1,291202
15873@gmail.com,Copart@1,291215
15874@gmail.com,Copart@1,291124
15875@gmail.com,Copart@1,291678
15876@gmail.com,Copart@1,291739
15877@gmail.com,Copart@1,291764
15878@gmail.com,Copart@1,290017
15879@gmail.com,Copart@1,290846
15880@gmail.com,Copart@1,291934
15881@gmail.com,Copart@1,291935
15882@gmail.com,Copart@1,291412
15883@gmail.com,Copart@1,292449
15884@gmail.com,Copart@1,292458
15885@gmail.com,Copart@1,291297
15886@gmail.com,Copart@1,289873
15887@gmail.com,Copart@1,240659
15888@gmail.com,Copart@1,290786
15889@gmail.com,Copart@1,289525
15890@gmail.com,Copart@1,289321
15891@gmail.com,Copart@1,293414
15892@gmail.com,Copart@1,290856
15893@gmail.com,Copart@1,292331
15894@gmail.com,Copart@1,291425
15895@gmail.com,Copart@1,291612
15896@gmail.com,Copart@1,290860
15897@gmail.com,Copart@1,290845
15898@gmail.com,Copart@1,292356
15899@gmail.com,Copart@1,292358
15900@gmail.com,Copart@1,292359
15901@gmail.com,Copart@1,292360
15902@gmail.com,Copart@1,228071
15903@gmail.com,Copart@1,293143
15904@gmail.com,Copart@1,293171
15905@gmail.com,Copart@1,293175
15906@gmail.com,Copart@1,293272
15907@gmail.com,Copart@1,293279
15908@gmail.com,Copart@1,293284
15909@gmail.com,Copart@1,293094
15910@gmail.com,Copart@1,293639
15911@gmail.com,Copart@1,293678
15912@gmail.com,Copart@1,293680
15913@gmail.com,Copart@1,293682
15914@gmail.com,Copart@1,293732
15915@gmail.com,Copart@1,293733
15916@gmail.com,Copart@1,293735
15917@gmail.com,Copart@1,293747
15918@gmail.com,Copart@1,293753
15919@gmail.com,Copart@1,293773
15920@gmail.com,Copart@1,293781
15921@gmail.com,Copart@1,293784
15922@gmail.com,Copart@1,293787
15923@gmail.com,Copart@1,293818
15924@gmail.com,Copart@1,293819
15925@gmail.com,Copart@1,293881
15926@gmail.com,Copart@1,293884
15927@gmail.com,Copart@1,293887
15928@gmail.com,Copart@1,293888
15929@gmail.com,Copart@1,293891
15930@gmail.com,Copart@1,293893
15931@gmail.com,Copart@1,293897
15932@gmail.com,Copart@1,293900
15933@gmail.com,Copart@1,293909
15934@gmail.com,Copart@1,293911
15935@gmail.com,Copart@1,293914
15936@gmail.com,Copart@1,293916
15937@gmail.com,Copart@1,293945
15938@gmail.com,Copart@1,293947
15939@gmail.com,Copart@1,293948
15940@gmail.com,Copart@1,293950
15941@gmail.com,Copart@1,293953
15942@gmail.com,Copart@1,293956
15943@gmail.com,Copart@1,293964
15944@gmail.com,Copart@1,293969
15945@gmail.com,Copart@1,293986
15946@gmail.com,Copart@1,294027
15947@gmail.com,Copart@1,294028
15948@gmail.com,Copart@1,294078
15949@gmail.com,Copart@1,294088
15950@gmail.com,Copart@1,294091
15951@gmail.com,Copart@1,294092
15952@gmail.com,Copart@1,294095
15953@gmail.com,Copart@1,294096
15954@gmail.com,Copart@1,294097
15955@gmail.com,Copart@1,294098
15956@gmail.com,Copart@1,294099
15957@gmail.com,Copart@1,247099
15958@gmail.com,Copart@1,291922
15959@gmail.com,Copart@1,294125
15960@gmail.com,Copart@1,294127
15961@gmail.com,Copart@1,291921
15962@gmail.com,Copart@1,294159
15963@gmail.com,Copart@1,294161
15964@gmail.com,Copart@1,294162
15965@gmail.com,Copart@1,294164
15966@gmail.com,Copart@1,294165
15967@gmail.com,Copart@1,294167
15968@gmail.com,Copart@1,294168
15969@gmail.com,Copart@1,294169
15970@gmail.com,Copart@1,294171
15971@gmail.com,Copart@1,294173
15972@gmail.com,Copart@1,294174
15973@gmail.com,Copart@1,294175
15974@gmail.com,Copart@1,294177
15975@gmail.com,Copart@1,294178
15976@gmail.com,Copart@1,294179
15977@gmail.com,Copart@1,294181
15978@gmail.com,Copart@1,294184
15979@gmail.com,Copart@1,294185
15980@gmail.com,Copart@1,294186
15981@gmail.com,Copart@1,294187
15982@gmail.com,Copart@1,294188
15983@gmail.com,Copart@1,294194
15984@gmail.com,Copart@1,294196
15985@gmail.com,Copart@1,294201
15986@gmail.com,Copart@1,294202
15987@gmail.com,Copart@1,292538
15988@gmail.com,Copart@1,292539
15989@gmail.com,Copart@1,292543
15990@gmail.com,Copart@1,292549
15991@gmail.com,Copart@1,234122
15992@gmail.com,Copart@1,292554
15993@gmail.com,Copart@1,291955
15994@gmail.com,Copart@1,291904
15995@gmail.com,Copart@1,291114
15996@gmail.com,Copart@1,288794
15997@gmail.com,Copart@1,288249
15998@gmail.com,Copart@1,286434
15999@gmail.com,Copart@1,287701
16000@gmail.com,Copart@1,287844
16001@gmail.com,Copart@1,287791
16002@gmail.com,Copart@1,289549
16003@gmail.com,Copart@1,287656
16004@gmail.com,Copart@1,288872
16005@gmail.com,Copart@1,288284
16006@gmail.com,Copart@1,287055
16007@gmail.com,Copart@1,284635
16008@gmail.com,Copart@1,284949
16009@gmail.com,Copart@1,284594
16010@gmail.com,Copart@1,285130
16011@gmail.com,Copart@1,284561
16012@gmail.com,Copart@1,284050
16013@gmail.com,Copart@1,283904
16014@gmail.com,Copart@1,283945
16015@gmail.com,Copart@1,279984
16016@gmail.com,Copart@1,282532
16017@gmail.com,Copart@1,274862
16018@gmail.com,Copart@1,272415
16019@gmail.com,Copart@1,253663
16020@gmail.com,Copart@1,265616
16021@gmail.com,Copart@1,271548
16022@gmail.com,Copart@1,283027
16023@gmail.com,Copart@1,284495
16024@gmail.com,Copart@1,284420
16025@gmail.com,Copart@1,284986
16026@gmail.com,Copart@1,285747
16027@gmail.com,Copart@1,292868
16028@gmail.com,Copart@1,292870
16029@gmail.com,Copart@1,292874
16030@gmail.com,Copart@1,292877
16031@gmail.com,Copart@1,292881
16032@gmail.com,Copart@1,292911
16033@gmail.com,Copart@1,292915
16034@gmail.com,Copart@1,292937
16035@gmail.com,Copart@1,292939
16036@gmail.com,Copart@1,288069
16037@gmail.com,Copart@1,293090
16038@gmail.com,Copart@1,286121
16039@gmail.com,Copart@1,287840
16040@gmail.com,Copart@1,287717
16041@gmail.com,Copart@1,288285
16042@gmail.com,Copart@1,291282
16043@gmail.com,Copart@1,286912
16044@gmail.com,Copart@1,282906
16045@gmail.com,Copart@1,289099
16046@gmail.com,Copart@1,289719
16047@gmail.com,Copart@1,290265
16048@gmail.com,Copart@1,286925
16049@gmail.com,Copart@1,290525
16050@gmail.com,Copart@1,287688
16051@gmail.com,Copart@1,284634
16052@gmail.com,Copart@1,284706
16053@gmail.com,Copart@1,284944
16054@gmail.com,Copart@1,283598
16055@gmail.com,Copart@1,284941
16056@gmail.com,Copart@1,284248
16057@gmail.com,Copart@1,285323
16058@gmail.com,Copart@1,284618
16059@gmail.com,Copart@1,286918
16060@gmail.com,Copart@1,286838
16061@gmail.com,Copart@1,286447
16062@gmail.com,Copart@1,274754
16063@gmail.com,Copart@1,256246
16064@gmail.com,Copart@1,274392
16065@gmail.com,Copart@1,286190
16066@gmail.com,Copart@1,288857
16067@gmail.com,Copart@1,289594
16068@gmail.com,Copart@1,294223
16069@gmail.com,Copart@1,294217
16070@gmail.com,Copart@1,294222
16071@gmail.com,Copart@1,295228
16072@gmail.com,Copart@1,274750
16073@gmail.com,Copart@1,275190
16074@gmail.com,Copart@1,291511
16075@gmail.com,Copart@1,291508
16076@gmail.com,Copart@1,291510
16077@gmail.com,Copart@1,274549
16078@gmail.com,Copart@1,274652
16079@gmail.com,Copart@1,274670
16080@gmail.com,Copart@1,274431
16081@gmail.com,Copart@1,274111
16082@gmail.com,Copart@1,274313
16083@gmail.com,Copart@1,257640
16084@gmail.com,Copart@1,260850
16085@gmail.com,Copart@1,230598
16086@gmail.com,Copart@1,262831
16087@gmail.com,Copart@1,264470
16088@gmail.com,Copart@1,265166
16089@gmail.com,Copart@1,267629
16090@gmail.com,Copart@1,249013
16091@gmail.com,Copart@1,271543
16092@gmail.com,Copart@1,272242
16093@gmail.com,Copart@1,272324
16094@gmail.com,Copart@1,273765
16095@gmail.com,Copart@1,274070
16096@gmail.com,Copart@1,252637
16097@gmail.com,Copart@1,277255
16098@gmail.com,Copart@1,277480
16099@gmail.com,Copart@1,277717
16100@gmail.com,Copart@1,278314
16101@gmail.com,Copart@1,278462
16102@gmail.com,Copart@1,278796
16103@gmail.com,Copart@1,278982
16104@gmail.com,Copart@1,278991
16105@gmail.com,Copart@1,279019
16106@gmail.com,Copart@1,278668
16107@gmail.com,Copart@1,279138
16108@gmail.com,Copart@1,279196
16109@gmail.com,Copart@1,279421
16110@gmail.com,Copart@1,279590
16111@gmail.com,Copart@1,279926
16112@gmail.com,Copart@1,280567
16113@gmail.com,Copart@1,280624
16114@gmail.com,Copart@1,282227
16115@gmail.com,Copart@1,282514
16116@gmail.com,Copart@1,282515
16117@gmail.com,Copart@1,282574
16118@gmail.com,Copart@1,282868
16119@gmail.com,Copart@1,275341
16120@gmail.com,Copart@1,275348
16121@gmail.com,Copart@1,275519
16122@gmail.com,Copart@1,275746
16123@gmail.com,Copart@1,275635
16124@gmail.com,Copart@1,275858
16125@gmail.com,Copart@1,283577
16126@gmail.com,Copart@1,283699
16127@gmail.com,Copart@1,283714
16128@gmail.com,Copart@1,283768
16129@gmail.com,Copart@1,283949
16130@gmail.com,Copart@1,284048
16131@gmail.com,Copart@1,284145
16132@gmail.com,Copart@1,284337
16133@gmail.com,Copart@1,282523
16134@gmail.com,Copart@1,283432
16135@gmail.com,Copart@1,283597
16136@gmail.com,Copart@1,285005
16137@gmail.com,Copart@1,285099
16138@gmail.com,Copart@1,285180
16139@gmail.com,Copart@1,285185
16140@gmail.com,Copart@1,285195
16141@gmail.com,Copart@1,285275
16142@gmail.com,Copart@1,284942
16143@gmail.com,Copart@1,284522
16144@gmail.com,Copart@1,283100
16145@gmail.com,Copart@1,284724
16146@gmail.com,Copart@1,284815
16147@gmail.com,Copart@1,284985
16148@gmail.com,Copart@1,285332
16149@gmail.com,Copart@1,285335
16150@gmail.com,Copart@1,285490
16151@gmail.com,Copart@1,285497
16152@gmail.com,Copart@1,285736
16153@gmail.com,Copart@1,285770
16154@gmail.com,Copart@1,285799
16155@gmail.com,Copart@1,285811
16156@gmail.com,Copart@1,285912
16157@gmail.com,Copart@1,284058
16158@gmail.com,Copart@1,285944
16159@gmail.com,Copart@1,285946
16160@gmail.com,Copart@1,286008
16161@gmail.com,Copart@1,286036
16162@gmail.com,Copart@1,286294
16163@gmail.com,Copart@1,286328
16164@gmail.com,Copart@1,286331
16165@gmail.com,Copart@1,286364
16166@gmail.com,Copart@1,286378
16167@gmail.com,Copart@1,286465
16168@gmail.com,Copart@1,286547
16169@gmail.com,Copart@1,286561
16170@gmail.com,Copart@1,286231
16171@gmail.com,Copart@1,286753
16172@gmail.com,Copart@1,286754
16173@gmail.com,Copart@1,286777
16174@gmail.com,Copart@1,285836
16175@gmail.com,Copart@1,286836
16176@gmail.com,Copart@1,287187
16177@gmail.com,Copart@1,287217
16178@gmail.com,Copart@1,287223
16179@gmail.com,Copart@1,287227
16180@gmail.com,Copart@1,287229
16181@gmail.com,Copart@1,287266
16182@gmail.com,Copart@1,287283
16183@gmail.com,Copart@1,287285
16184@gmail.com,Copart@1,287334
16185@gmail.com,Copart@1,287357
16186@gmail.com,Copart@1,287374
16187@gmail.com,Copart@1,287496
16188@gmail.com,Copart@1,287524
16189@gmail.com,Copart@1,287525
16190@gmail.com,Copart@1,287539
16191@gmail.com,Copart@1,287552
16192@gmail.com,Copart@1,287557
16193@gmail.com,Copart@1,287584
16194@gmail.com,Copart@1,287590
16195@gmail.com,Copart@1,287614
16196@gmail.com,Copart@1,287615
16197@gmail.com,Copart@1,287618
16198@gmail.com,Copart@1,287689
16199@gmail.com,Copart@1,287740
16200@gmail.com,Copart@1,286383
16201@gmail.com,Copart@1,286384
16202@gmail.com,Copart@1,286411
16203@gmail.com,Copart@1,286864
16204@gmail.com,Copart@1,286870
16205@gmail.com,Copart@1,286922
16206@gmail.com,Copart@1,287064
16207@gmail.com,Copart@1,284072
16208@gmail.com,Copart@1,287122
16209@gmail.com,Copart@1,287158
16210@gmail.com,Copart@1,287159
16211@gmail.com,Copart@1,285866
16212@gmail.com,Copart@1,287050
16213@gmail.com,Copart@1,287772
16214@gmail.com,Copart@1,288349
16215@gmail.com,Copart@1,288375
16216@gmail.com,Copart@1,288384
16217@gmail.com,Copart@1,288487
16218@gmail.com,Copart@1,288504
16219@gmail.com,Copart@1,287663
16220@gmail.com,Copart@1,288238
16221@gmail.com,Copart@1,288579
16222@gmail.com,Copart@1,288589
16223@gmail.com,Copart@1,288629
16224@gmail.com,Copart@1,288360
16225@gmail.com,Copart@1,288274
16226@gmail.com,Copart@1,288752
16227@gmail.com,Copart@1,288769
16228@gmail.com,Copart@1,288780
16229@gmail.com,Copart@1,287793
16230@gmail.com,Copart@1,287835
16231@gmail.com,Copart@1,287899
16232@gmail.com,Copart@1,287927
16233@gmail.com,Copart@1,287991
16234@gmail.com,Copart@1,288817
16235@gmail.com,Copart@1,288882
16236@gmail.com,Copart@1,288885
16237@gmail.com,Copart@1,288966
16238@gmail.com,Copart@1,288975
16239@gmail.com,Copart@1,288977
16240@gmail.com,Copart@1,288985
16241@gmail.com,Copart@1,288084
16242@gmail.com,Copart@1,288168
16243@gmail.com,Copart@1,288191
16244@gmail.com,Copart@1,288209
16245@gmail.com,Copart@1,288214
16246@gmail.com,Copart@1,288224
16247@gmail.com,Copart@1,289038
16248@gmail.com,Copart@1,289045
16249@gmail.com,Copart@1,289185
16250@gmail.com,Copart@1,289215
16251@gmail.com,Copart@1,289230
16252@gmail.com,Copart@1,289350
16253@gmail.com,Copart@1,289375
16254@gmail.com,Copart@1,289404
16255@gmail.com,Copart@1,289439
16256@gmail.com,Copart@1,289448
16257@gmail.com,Copart@1,287853
16258@gmail.com,Copart@1,289468
16259@gmail.com,Copart@1,289480
16260@gmail.com,Copart@1,287365
16261@gmail.com,Copart@1,289524
16262@gmail.com,Copart@1,289617
16263@gmail.com,Copart@1,289619
16264@gmail.com,Copart@1,289513
16265@gmail.com,Copart@1,289674
16266@gmail.com,Copart@1,289691
16267@gmail.com,Copart@1,289706
16268@gmail.com,Copart@1,289764
16269@gmail.com,Copart@1,289783
16270@gmail.com,Copart@1,289797
16271@gmail.com,Copart@1,289824
16272@gmail.com,Copart@1,289967
16273@gmail.com,Copart@1,289994
16274@gmail.com,Copart@1,290001
16275@gmail.com,Copart@1,290007
16276@gmail.com,Copart@1,289966
16277@gmail.com,Copart@1,289963
16278@gmail.com,Copart@1,290034
16279@gmail.com,Copart@1,290135
16280@gmail.com,Copart@1,290160
16281@gmail.com,Copart@1,290166
16282@gmail.com,Copart@1,290204
16283@gmail.com,Copart@1,290212
16284@gmail.com,Copart@1,290224
16285@gmail.com,Copart@1,290235
16286@gmail.com,Copart@1,290386
16287@gmail.com,Copart@1,288510
16288@gmail.com,Copart@1,289557
16289@gmail.com,Copart@1,288852
16290@gmail.com,Copart@1,288252
16291@gmail.com,Copart@1,290473
16292@gmail.com,Copart@1,290664
16293@gmail.com,Copart@1,290685
16294@gmail.com,Copart@1,288947
16295@gmail.com,Copart@1,290703
16296@gmail.com,Copart@1,290780
16297@gmail.com,Copart@1,289726
16298@gmail.com,Copart@1,290594
16299@gmail.com,Copart@1,288236
16300@gmail.com,Copart@1,290878
16301@gmail.com,Copart@1,290044
16302@gmail.com,Copart@1,290407
16303@gmail.com,Copart@1,290994
16304@gmail.com,Copart@1,290036
16305@gmail.com,Copart@1,291024
16306@gmail.com,Copart@1,290056
16307@gmail.com,Copart@1,291088
16308@gmail.com,Copart@1,290843
16309@gmail.com,Copart@1,289287
16310@gmail.com,Copart@1,291127
16311@gmail.com,Copart@1,289780
16312@gmail.com,Copart@1,291244
16313@gmail.com,Copart@1,290287
16314@gmail.com,Copart@1,291474
16315@gmail.com,Copart@1,291493
16316@gmail.com,Copart@1,291202
16317@gmail.com,Copart@1,291215
16318@gmail.com,Copart@1,291124
16319@gmail.com,Copart@1,291678
16320@gmail.com,Copart@1,291739
16321@gmail.com,Copart@1,291764
16322@gmail.com,Copart@1,290017
16323@gmail.com,Copart@1,290846
16324@gmail.com,Copart@1,291934
16325@gmail.com,Copart@1,291935
16326@gmail.com,Copart@1,291412
16327@gmail.com,Copart@1,292449
16328@gmail.com,Copart@1,292458
16329@gmail.com,Copart@1,291297
16330@gmail.com,Copart@1,289873
16331@gmail.com,Copart@1,240659
16332@gmail.com,Copart@1,290786
16333@gmail.com,Copart@1,289525
16334@gmail.com,Copart@1,289321
16335@gmail.com,Copart@1,293414
16336@gmail.com,Copart@1,290856
16337@gmail.com,Copart@1,292331
16338@gmail.com,Copart@1,291425
16339@gmail.com,Copart@1,291612
16340@gmail.com,Copart@1,290860
16341@gmail.com,Copart@1,290845
16342@gmail.com,Copart@1,292356
16343@gmail.com,Copart@1,292358
16344@gmail.com,Copart@1,292359
16345@gmail.com,Copart@1,292360
16346@gmail.com,Copart@1,228071
16347@gmail.com,Copart@1,293143
16348@gmail.com,Copart@1,293171
16349@gmail.com,Copart@1,293175
16350@gmail.com,Copart@1,293272
16351@gmail.com,Copart@1,293279
16352@gmail.com,Copart@1,293284
16353@gmail.com,Copart@1,293094
16354@gmail.com,Copart@1,293639
16355@gmail.com,Copart@1,293678
16356@gmail.com,Copart@1,293680
16357@gmail.com,Copart@1,293682
16358@gmail.com,Copart@1,293732
16359@gmail.com,Copart@1,293733
16360@gmail.com,Copart@1,293735
16361@gmail.com,Copart@1,293747
16362@gmail.com,Copart@1,293753
16363@gmail.com,Copart@1,293773
16364@gmail.com,Copart@1,293781
16365@gmail.com,Copart@1,293784
16366@gmail.com,Copart@1,293787
16367@gmail.com,Copart@1,293818
16368@gmail.com,Copart@1,293819
16369@gmail.com,Copart@1,293881
16370@gmail.com,Copart@1,293884
16371@gmail.com,Copart@1,293887
16372@gmail.com,Copart@1,293888
16373@gmail.com,Copart@1,293891
16374@gmail.com,Copart@1,293893
16375@gmail.com,Copart@1,293897
16376@gmail.com,Copart@1,293900
16377@gmail.com,Copart@1,293909
16378@gmail.com,Copart@1,293911
16379@gmail.com,Copart@1,293914
16380@gmail.com,Copart@1,293916
16381@gmail.com,Copart@1,293945
16382@gmail.com,Copart@1,293947
16383@gmail.com,Copart@1,293948
16384@gmail.com,Copart@1,293950
16385@gmail.com,Copart@1,293953
16386@gmail.com,Copart@1,293956
16387@gmail.com,Copart@1,293964
16388@gmail.com,Copart@1,293969
16389@gmail.com,Copart@1,293986
16390@gmail.com,Copart@1,294027
16391@gmail.com,Copart@1,294028
16392@gmail.com,Copart@1,294078
16393@gmail.com,Copart@1,294088
16394@gmail.com,Copart@1,294091
16395@gmail.com,Copart@1,294092
16396@gmail.com,Copart@1,294095
16397@gmail.com,Copart@1,294096
16398@gmail.com,Copart@1,294097
16399@gmail.com,Copart@1,294098
16400@gmail.com,Copart@1,294099
16401@gmail.com,Copart@1,247099
16402@gmail.com,Copart@1,291922
16403@gmail.com,Copart@1,294125
16404@gmail.com,Copart@1,294127
16405@gmail.com,Copart@1,291921
16406@gmail.com,Copart@1,294159
16407@gmail.com,Copart@1,294161
16408@gmail.com,Copart@1,294162
16409@gmail.com,Copart@1,294164
16410@gmail.com,Copart@1,294165
16411@gmail.com,Copart@1,294167
16412@gmail.com,Copart@1,294168
16413@gmail.com,Copart@1,294169
16414@gmail.com,Copart@1,294171
16415@gmail.com,Copart@1,294173
16416@gmail.com,Copart@1,294174
16417@gmail.com,Copart@1,294175
16418@gmail.com,Copart@1,294177
16419@gmail.com,Copart@1,294178
16420@gmail.com,Copart@1,294179
16421@gmail.com,Copart@1,294181
16422@gmail.com,Copart@1,294184
16423@gmail.com,Copart@1,294185
16424@gmail.com,Copart@1,294186
16425@gmail.com,Copart@1,294187
16426@gmail.com,Copart@1,294188
16427@gmail.com,Copart@1,294194
16428@gmail.com,Copart@1,294196
16429@gmail.com,Copart@1,294201
16430@gmail.com,Copart@1,294202
16431@gmail.com,Copart@1,292538
16432@gmail.com,Copart@1,292539
16433@gmail.com,Copart@1,292543
16434@gmail.com,Copart@1,292549
16435@gmail.com,Copart@1,234122
16436@gmail.com,Copart@1,292554
16437@gmail.com,Copart@1,291955
16438@gmail.com,Copart@1,291904
16439@gmail.com,Copart@1,291114
16440@gmail.com,Copart@1,288794
16441@gmail.com,Copart@1,288249
16442@gmail.com,Copart@1,286434
16443@gmail.com,Copart@1,287701
16444@gmail.com,Copart@1,287844
16445@gmail.com,Copart@1,287791
16446@gmail.com,Copart@1,289549
16447@gmail.com,Copart@1,287656
16448@gmail.com,Copart@1,288872
16449@gmail.com,Copart@1,288284
16450@gmail.com,Copart@1,287055
16451@gmail.com,Copart@1,284635
16452@gmail.com,Copart@1,284949
16453@gmail.com,Copart@1,284594
16454@gmail.com,Copart@1,285130
16455@gmail.com,Copart@1,284561
16456@gmail.com,Copart@1,284050
16457@gmail.com,Copart@1,283904
16458@gmail.com,Copart@1,283945
16459@gmail.com,Copart@1,279984
16460@gmail.com,Copart@1,282532
16461@gmail.com,Copart@1,274862
16462@gmail.com,Copart@1,272415
16463@gmail.com,Copart@1,253663
16464@gmail.com,Copart@1,265616
16465@gmail.com,Copart@1,271548
16466@gmail.com,Copart@1,283027
16467@gmail.com,Copart@1,284495
16468@gmail.com,Copart@1,284420
16469@gmail.com,Copart@1,284986
16470@gmail.com,Copart@1,285747
16471@gmail.com,Copart@1,292868
16472@gmail.com,Copart@1,292870
16473@gmail.com,Copart@1,292874
16474@gmail.com,Copart@1,292877
16475@gmail.com,Copart@1,292881
16476@gmail.com,Copart@1,292911
16477@gmail.com,Copart@1,292915
16478@gmail.com,Copart@1,292937
16479@gmail.com,Copart@1,292939
16480@gmail.com,Copart@1,288069
16481@gmail.com,Copart@1,293090
16482@gmail.com,Copart@1,286121
16483@gmail.com,Copart@1,287840
16484@gmail.com,Copart@1,287717
16485@gmail.com,Copart@1,288285
16486@gmail.com,Copart@1,291282
16487@gmail.com,Copart@1,286912
16488@gmail.com,Copart@1,282906
16489@gmail.com,Copart@1,289099
16490@gmail.com,Copart@1,289719
16491@gmail.com,Copart@1,290265
16492@gmail.com,Copart@1,286925
16493@gmail.com,Copart@1,290525
16494@gmail.com,Copart@1,287688
16495@gmail.com,Copart@1,284634
16496@gmail.com,Copart@1,284706
16497@gmail.com,Copart@1,284944
16498@gmail.com,Copart@1,283598
16499@gmail.com,Copart@1,284941
16500@gmail.com,Copart@1,284248
16501@gmail.com,Copart@1,285323
16502@gmail.com,Copart@1,284618
16503@gmail.com,Copart@1,286918
16504@gmail.com,Copart@1,286838
16505@gmail.com,Copart@1,286447
16506@gmail.com,Copart@1,274754
16507@gmail.com,Copart@1,256246
16508@gmail.com,Copart@1,274392
16509@gmail.com,Copart@1,286190
16510@gmail.com,Copart@1,288857
16511@gmail.com,Copart@1,289594
16512@gmail.com,Copart@1,294223
16513@gmail.com,Copart@1,294217
16514@gmail.com,Copart@1,294222
16515@gmail.com,Copart@1,295228
16516@gmail.com,Copart@1,274750
16517@gmail.com,Copart@1,275190
16518@gmail.com,Copart@1,291511
16519@gmail.com,Copart@1,291508
16520@gmail.com,Copart@1,291510
16521@gmail.com,Copart@1,274549
16522@gmail.com,Copart@1,274652
16523@gmail.com,Copart@1,274670
16524@gmail.com,Copart@1,274431
16525@gmail.com,Copart@1,274111
16526@gmail.com,Copart@1,274313
16527@gmail.com,Copart@1,257640
16528@gmail.com,Copart@1,260850
16529@gmail.com,Copart@1,230598
16530@gmail.com,Copart@1,262831
16531@gmail.com,Copart@1,264470
16532@gmail.com,Copart@1,265166
16533@gmail.com,Copart@1,267629
16534@gmail.com,Copart@1,249013
16535@gmail.com,Copart@1,271543
16536@gmail.com,Copart@1,272242
16537@gmail.com,Copart@1,272324
16538@gmail.com,Copart@1,273765
16539@gmail.com,Copart@1,274070
16540@gmail.com,Copart@1,252637
16541@gmail.com,Copart@1,277255
16542@gmail.com,Copart@1,277480
16543@gmail.com,Copart@1,277717
16544@gmail.com,Copart@1,278314
16545@gmail.com,Copart@1,278462
16546@gmail.com,Copart@1,278796
16547@gmail.com,Copart@1,278982
16548@gmail.com,Copart@1,278991
16549@gmail.com,Copart@1,279019
16550@gmail.com,Copart@1,278668
16551@gmail.com,Copart@1,279138
16552@gmail.com,Copart@1,279196
16553@gmail.com,Copart@1,279421
16554@gmail.com,Copart@1,279590
16555@gmail.com,Copart@1,279926
16556@gmail.com,Copart@1,280567
16557@gmail.com,Copart@1,280624
16558@gmail.com,Copart@1,282227
16559@gmail.com,Copart@1,282514
16560@gmail.com,Copart@1,282515
16561@gmail.com,Copart@1,282574
16562@gmail.com,Copart@1,282868
16563@gmail.com,Copart@1,275341
16564@gmail.com,Copart@1,275348
16565@gmail.com,Copart@1,275519
16566@gmail.com,Copart@1,275746
16567@gmail.com,Copart@1,275635
16568@gmail.com,Copart@1,275858
16569@gmail.com,Copart@1,283577
16570@gmail.com,Copart@1,283699
16571@gmail.com,Copart@1,283714
16572@gmail.com,Copart@1,283768
16573@gmail.com,Copart@1,283949
16574@gmail.com,Copart@1,284048
16575@gmail.com,Copart@1,284145
16576@gmail.com,Copart@1,284337
16577@gmail.com,Copart@1,282523
16578@gmail.com,Copart@1,283432
16579@gmail.com,Copart@1,283597
16580@gmail.com,Copart@1,285005
16581@gmail.com,Copart@1,285099
16582@gmail.com,Copart@1,285180
16583@gmail.com,Copart@1,285185
16584@gmail.com,Copart@1,285195
16585@gmail.com,Copart@1,285275
16586@gmail.com,Copart@1,284942
16587@gmail.com,Copart@1,284522
16588@gmail.com,Copart@1,283100
16589@gmail.com,Copart@1,284724
16590@gmail.com,Copart@1,284815
16591@gmail.com,Copart@1,284985
16592@gmail.com,Copart@1,285332
16593@gmail.com,Copart@1,285335
16594@gmail.com,Copart@1,285490
16595@gmail.com,Copart@1,285497
16596@gmail.com,Copart@1,285736
16597@gmail.com,Copart@1,285770
16598@gmail.com,Copart@1,285799
16599@gmail.com,Copart@1,285811
16600@gmail.com,Copart@1,285912
16601@gmail.com,Copart@1,284058
16602@gmail.com,Copart@1,285944
16603@gmail.com,Copart@1,285946
16604@gmail.com,Copart@1,286008
16605@gmail.com,Copart@1,286036
16606@gmail.com,Copart@1,286294
16607@gmail.com,Copart@1,286328
16608@gmail.com,Copart@1,286331
16609@gmail.com,Copart@1,286364
16610@gmail.com,Copart@1,286378
16611@gmail.com,Copart@1,286465
16612@gmail.com,Copart@1,286547
16613@gmail.com,Copart@1,286561
16614@gmail.com,Copart@1,286231
16615@gmail.com,Copart@1,286753
16616@gmail.com,Copart@1,286754
16617@gmail.com,Copart@1,286777
16618@gmail.com,Copart@1,285836
16619@gmail.com,Copart@1,286836
16620@gmail.com,Copart@1,287187
16621@gmail.com,Copart@1,287217
16622@gmail.com,Copart@1,287223
16623@gmail.com,Copart@1,287227
16624@gmail.com,Copart@1,287229
16625@gmail.com,Copart@1,287266
16626@gmail.com,Copart@1,287283
16627@gmail.com,Copart@1,287285
16628@gmail.com,Copart@1,287334
16629@gmail.com,Copart@1,287357
16630@gmail.com,Copart@1,287374
16631@gmail.com,Copart@1,287496
16632@gmail.com,Copart@1,287524
16633@gmail.com,Copart@1,287525
16634@gmail.com,Copart@1,287539
16635@gmail.com,Copart@1,287552
16636@gmail.com,Copart@1,287557
16637@gmail.com,Copart@1,287584
16638@gmail.com,Copart@1,287590
16639@gmail.com,Copart@1,287614
16640@gmail.com,Copart@1,287615
16641@gmail.com,Copart@1,287618
16642@gmail.com,Copart@1,287689
16643@gmail.com,Copart@1,287740
16644@gmail.com,Copart@1,286383
16645@gmail.com,Copart@1,286384
16646@gmail.com,Copart@1,286411
16647@gmail.com,Copart@1,286864
16648@gmail.com,Copart@1,286870
16649@gmail.com,Copart@1,286922
16650@gmail.com,Copart@1,287064
16651@gmail.com,Copart@1,284072
16652@gmail.com,Copart@1,287122
16653@gmail.com,Copart@1,287158
16654@gmail.com,Copart@1,287159
16655@gmail.com,Copart@1,285866
16656@gmail.com,Copart@1,287050
16657@gmail.com,Copart@1,287772
16658@gmail.com,Copart@1,288349
16659@gmail.com,Copart@1,288375
16660@gmail.com,Copart@1,288384
16661@gmail.com,Copart@1,288487
16662@gmail.com,Copart@1,288504
16663@gmail.com,Copart@1,287663
16664@gmail.com,Copart@1,288238
16665@gmail.com,Copart@1,288579
16666@gmail.com,Copart@1,288589
16667@gmail.com,Copart@1,288629
16668@gmail.com,Copart@1,288360
16669@gmail.com,Copart@1,288274
16670@gmail.com,Copart@1,288752
16671@gmail.com,Copart@1,288769
16672@gmail.com,Copart@1,288780
16673@gmail.com,Copart@1,287793
16674@gmail.com,Copart@1,287835
16675@gmail.com,Copart@1,287899
16676@gmail.com,Copart@1,287927
16677@gmail.com,Copart@1,287991
16678@gmail.com,Copart@1,288817
16679@gmail.com,Copart@1,288882
16680@gmail.com,Copart@1,288885
16681@gmail.com,Copart@1,288966
16682@gmail.com,Copart@1,288975
16683@gmail.com,Copart@1,288977
16684@gmail.com,Copart@1,288985
16685@gmail.com,Copart@1,288084
16686@gmail.com,Copart@1,288168
16687@gmail.com,Copart@1,288191
16688@gmail.com,Copart@1,288209
16689@gmail.com,Copart@1,288214
16690@gmail.com,Copart@1,288224
16691@gmail.com,Copart@1,289038
16692@gmail.com,Copart@1,289045
16693@gmail.com,Copart@1,289185
16694@gmail.com,Copart@1,289215
16695@gmail.com,Copart@1,289230
16696@gmail.com,Copart@1,289350
16697@gmail.com,Copart@1,289375
16698@gmail.com,Copart@1,289404
16699@gmail.com,Copart@1,289439
16700@gmail.com,Copart@1,289448
16701@gmail.com,Copart@1,287853
16702@gmail.com,Copart@1,289468
16703@gmail.com,Copart@1,289480
16704@gmail.com,Copart@1,287365
16705@gmail.com,Copart@1,289524
16706@gmail.com,Copart@1,289617
16707@gmail.com,Copart@1,289619
16708@gmail.com,Copart@1,289513
16709@gmail.com,Copart@1,289674
16710@gmail.com,Copart@1,289691
16711@gmail.com,Copart@1,289706
16712@gmail.com,Copart@1,289764
16713@gmail.com,Copart@1,289783
16714@gmail.com,Copart@1,289797
16715@gmail.com,Copart@1,289824
16716@gmail.com,Copart@1,289967
16717@gmail.com,Copart@1,289994
16718@gmail.com,Copart@1,290001
16719@gmail.com,Copart@1,290007
16720@gmail.com,Copart@1,289966
16721@gmail.com,Copart@1,289963
16722@gmail.com,Copart@1,290034
16723@gmail.com,Copart@1,290135
16724@gmail.com,Copart@1,290160
16725@gmail.com,Copart@1,290166
16726@gmail.com,Copart@1,290204
16727@gmail.com,Copart@1,290212
16728@gmail.com,Copart@1,290224
16729@gmail.com,Copart@1,290235
16730@gmail.com,Copart@1,290386
16731@gmail.com,Copart@1,288510
16732@gmail.com,Copart@1,289557
16733@gmail.com,Copart@1,288852
16734@gmail.com,Copart@1,288252
16735@gmail.com,Copart@1,290473
16736@gmail.com,Copart@1,290664
16737@gmail.com,Copart@1,290685
16738@gmail.com,Copart@1,288947
16739@gmail.com,Copart@1,290703
16740@gmail.com,Copart@1,290780
16741@gmail.com,Copart@1,289726
16742@gmail.com,Copart@1,290594
16743@gmail.com,Copart@1,288236
16744@gmail.com,Copart@1,290878
16745@gmail.com,Copart@1,290044
16746@gmail.com,Copart@1,290407
16747@gmail.com,Copart@1,290994
16748@gmail.com,Copart@1,290036
16749@gmail.com,Copart@1,291024
16750@gmail.com,Copart@1,290056
16751@gmail.com,Copart@1,291088
16752@gmail.com,Copart@1,290843
16753@gmail.com,Copart@1,289287
16754@gmail.com,Copart@1,291127
16755@gmail.com,Copart@1,289780
16756@gmail.com,Copart@1,291244
16757@gmail.com,Copart@1,290287
16758@gmail.com,Copart@1,291474
16759@gmail.com,Copart@1,291493
16760@gmail.com,Copart@1,291202
16761@gmail.com,Copart@1,291215
16762@gmail.com,Copart@1,291124
16763@gmail.com,Copart@1,291678
16764@gmail.com,Copart@1,291739
16765@gmail.com,Copart@1,291764
16766@gmail.com,Copart@1,290017
16767@gmail.com,Copart@1,290846
16768@gmail.com,Copart@1,291934
16769@gmail.com,Copart@1,291935
16770@gmail.com,Copart@1,291412
16771@gmail.com,Copart@1,292449
16772@gmail.com,Copart@1,292458
16773@gmail.com,Copart@1,291297
16774@gmail.com,Copart@1,289873
16775@gmail.com,Copart@1,240659
16776@gmail.com,Copart@1,290786
16777@gmail.com,Copart@1,289525
16778@gmail.com,Copart@1,289321
16779@gmail.com,Copart@1,293414
16780@gmail.com,Copart@1,290856
16781@gmail.com,Copart@1,292331
16782@gmail.com,Copart@1,291425
16783@gmail.com,Copart@1,291612
16784@gmail.com,Copart@1,290860
16785@gmail.com,Copart@1,290845
16786@gmail.com,Copart@1,292356
16787@gmail.com,Copart@1,292358
16788@gmail.com,Copart@1,292359
16789@gmail.com,Copart@1,292360
16790@gmail.com,Copart@1,228071
16791@gmail.com,Copart@1,293143
16792@gmail.com,Copart@1,293171
16793@gmail.com,Copart@1,293175
16794@gmail.com,Copart@1,293272
16795@gmail.com,Copart@1,293279
16796@gmail.com,Copart@1,293284
16797@gmail.com,Copart@1,293094
16798@gmail.com,Copart@1,293639
16799@gmail.com,Copart@1,293678
16800@gmail.com,Copart@1,293680
16801@gmail.com,Copart@1,293682
16802@gmail.com,Copart@1,293732
16803@gmail.com,Copart@1,293733
16804@gmail.com,Copart@1,293735
16805@gmail.com,Copart@1,293747
16806@gmail.com,Copart@1,293753
16807@gmail.com,Copart@1,293773
16808@gmail.com,Copart@1,293781
16809@gmail.com,Copart@1,293784
16810@gmail.com,Copart@1,293787
16811@gmail.com,Copart@1,293818
16812@gmail.com,Copart@1,293819
16813@gmail.com,Copart@1,293881
16814@gmail.com,Copart@1,293884
16815@gmail.com,Copart@1,293887
16816@gmail.com,Copart@1,293888
16817@gmail.com,Copart@1,293891
16818@gmail.com,Copart@1,293893
16819@gmail.com,Copart@1,293897
16820@gmail.com,Copart@1,293900
16821@gmail.com,Copart@1,293909
16822@gmail.com,Copart@1,293911
16823@gmail.com,Copart@1,293914
16824@gmail.com,Copart@1,293916
16825@gmail.com,Copart@1,293945
16826@gmail.com,Copart@1,293947
16827@gmail.com,Copart@1,293948
16828@gmail.com,Copart@1,293950
16829@gmail.com,Copart@1,293953
16830@gmail.com,Copart@1,293956
16831@gmail.com,Copart@1,293964
16832@gmail.com,Copart@1,293969
16833@gmail.com,Copart@1,293986
16834@gmail.com,Copart@1,294027
16835@gmail.com,Copart@1,294028
16836@gmail.com,Copart@1,294078
16837@gmail.com,Copart@1,294088
16838@gmail.com,Copart@1,294091
16839@gmail.com,Copart@1,294092
16840@gmail.com,Copart@1,294095
16841@gmail.com,Copart@1,294096
16842@gmail.com,Copart@1,294097
16843@gmail.com,Copart@1,294098
16844@gmail.com,Copart@1,294099
16845@gmail.com,Copart@1,247099
16846@gmail.com,Copart@1,291922
16847@gmail.com,Copart@1,294125
16848@gmail.com,Copart@1,294127
16849@gmail.com,Copart@1,291921
16850@gmail.com,Copart@1,294159
16851@gmail.com,Copart@1,294161
16852@gmail.com,Copart@1,294162
16853@gmail.com,Copart@1,294164
16854@gmail.com,Copart@1,294165
16855@gmail.com,Copart@1,294167
16856@gmail.com,Copart@1,294168
16857@gmail.com,Copart@1,294169
16858@gmail.com,Copart@1,294171
16859@gmail.com,Copart@1,294173
16860@gmail.com,Copart@1,294174
16861@gmail.com,Copart@1,294175
16862@gmail.com,Copart@1,294177
16863@gmail.com,Copart@1,294178
16864@gmail.com,Copart@1,294179
16865@gmail.com,Copart@1,294181
16866@gmail.com,Copart@1,294184
16867@gmail.com,Copart@1,294185
16868@gmail.com,Copart@1,294186
16869@gmail.com,Copart@1,294187
16870@gmail.com,Copart@1,294188
16871@gmail.com,Copart@1,294194
16872@gmail.com,Copart@1,294196
16873@gmail.com,Copart@1,294201
16874@gmail.com,Copart@1,294202
16875@gmail.com,Copart@1,292538
16876@gmail.com,Copart@1,292539
16877@gmail.com,Copart@1,292543
16878@gmail.com,Copart@1,292549
16879@gmail.com,Copart@1,234122
16880@gmail.com,Copart@1,292554
16881@gmail.com,Copart@1,291955
16882@gmail.com,Copart@1,291904
16883@gmail.com,Copart@1,291114
16884@gmail.com,Copart@1,288794
16885@gmail.com,Copart@1,288249
16886@gmail.com,Copart@1,286434
16887@gmail.com,Copart@1,287701
16888@gmail.com,Copart@1,287844
16889@gmail.com,Copart@1,287791
16890@gmail.com,Copart@1,289549
16891@gmail.com,Copart@1,287656
16892@gmail.com,Copart@1,288872
16893@gmail.com,Copart@1,288284
16894@gmail.com,Copart@1,287055
16895@gmail.com,Copart@1,284635
16896@gmail.com,Copart@1,284949
16897@gmail.com,Copart@1,284594
16898@gmail.com,Copart@1,285130
16899@gmail.com,Copart@1,284561
16900@gmail.com,Copart@1,284050
16901@gmail.com,Copart@1,283904
16902@gmail.com,Copart@1,283945
16903@gmail.com,Copart@1,279984
16904@gmail.com,Copart@1,282532
16905@gmail.com,Copart@1,274862
16906@gmail.com,Copart@1,272415
16907@gmail.com,Copart@1,253663
16908@gmail.com,Copart@1,265616
16909@gmail.com,Copart@1,271548
16910@gmail.com,Copart@1,283027
16911@gmail.com,Copart@1,284495
16912@gmail.com,Copart@1,284420
16913@gmail.com,Copart@1,284986
16914@gmail.com,Copart@1,285747
16915@gmail.com,Copart@1,292868
16916@gmail.com,Copart@1,292870
16917@gmail.com,Copart@1,292874
16918@gmail.com,Copart@1,292877
16919@gmail.com,Copart@1,292881
16920@gmail.com,Copart@1,292911
16921@gmail.com,Copart@1,292915
16922@gmail.com,Copart@1,292937
16923@gmail.com,Copart@1,292939
16924@gmail.com,Copart@1,288069
16925@gmail.com,Copart@1,293090
16926@gmail.com,Copart@1,286121
16927@gmail.com,Copart@1,287840
16928@gmail.com,Copart@1,287717
16929@gmail.com,Copart@1,288285
16930@gmail.com,Copart@1,291282
16931@gmail.com,Copart@1,286912
16932@gmail.com,Copart@1,282906
16933@gmail.com,Copart@1,289099
16934@gmail.com,Copart@1,289719
16935@gmail.com,Copart@1,290265
16936@gmail.com,Copart@1,286925
16937@gmail.com,Copart@1,290525
16938@gmail.com,Copart@1,287688
16939@gmail.com,Copart@1,284634
16940@gmail.com,Copart@1,284706
16941@gmail.com,Copart@1,284944
16942@gmail.com,Copart@1,283598
16943@gmail.com,Copart@1,284941
16944@gmail.com,Copart@1,284248
16945@gmail.com,Copart@1,285323
16946@gmail.com,Copart@1,284618
16947@gmail.com,Copart@1,286918
16948@gmail.com,Copart@1,286838
16949@gmail.com,Copart@1,286447
16950@gmail.com,Copart@1,274754
16951@gmail.com,Copart@1,256246
16952@gmail.com,Copart@1,274392
16953@gmail.com,Copart@1,286190
16954@gmail.com,Copart@1,288857
16955@gmail.com,Copart@1,289594
16956@gmail.com,Copart@1,294223
16957@gmail.com,Copart@1,294217
16958@gmail.com,Copart@1,294222
16959@gmail.com,Copart@1,295228
16960@gmail.com,Copart@1,274750
16961@gmail.com,Copart@1,275190
16962@gmail.com,Copart@1,291511
16963@gmail.com,Copart@1,291508
16964@gmail.com,Copart@1,291510
16965@gmail.com,Copart@1,274549
16966@gmail.com,Copart@1,274652
16967@gmail.com,Copart@1,274670
16968@gmail.com,Copart@1,274431
16969@gmail.com,Copart@1,274111
16970@gmail.com,Copart@1,274313
16971@gmail.com,Copart@1,257640
16972@gmail.com,Copart@1,260850
16973@gmail.com,Copart@1,230598
16974@gmail.com,Copart@1,262831
16975@gmail.com,Copart@1,264470
16976@gmail.com,Copart@1,265166
16977@gmail.com,Copart@1,267629
16978@gmail.com,Copart@1,249013
16979@gmail.com,Copart@1,271543
16980@gmail.com,Copart@1,272242
16981@gmail.com,Copart@1,272324
16982@gmail.com,Copart@1,273765
16983@gmail.com,Copart@1,274070
16984@gmail.com,Copart@1,252637
16985@gmail.com,Copart@1,277255
16986@gmail.com,Copart@1,277480
16987@gmail.com,Copart@1,277717
16988@gmail.com,Copart@1,278314
16989@gmail.com,Copart@1,278462
16990@gmail.com,Copart@1,278796
16991@gmail.com,Copart@1,278982
16992@gmail.com,Copart@1,278991
16993@gmail.com,Copart@1,279019
16994@gmail.com,Copart@1,278668
16995@gmail.com,Copart@1,279138
16996@gmail.com,Copart@1,279196
16997@gmail.com,Copart@1,279421
16998@gmail.com,Copart@1,279590
16999@gmail.com,Copart@1,279926
17000@gmail.com,Copart@1,280567
17001@gmail.com,Copart@1,280624
17002@gmail.com,Copart@1,282227
17003@gmail.com,Copart@1,282514
17004@gmail.com,Copart@1,282515
17005@gmail.com,Copart@1,282574
17006@gmail.com,Copart@1,282868
17007@gmail.com,Copart@1,275341
17008@gmail.com,Copart@1,275348
17009@gmail.com,Copart@1,275519
17010@gmail.com,Copart@1,275746
17011@gmail.com,Copart@1,275635
17012@gmail.com,Copart@1,275858
17013@gmail.com,Copart@1,283577
17014@gmail.com,Copart@1,283699
17015@gmail.com,Copart@1,283714
17016@gmail.com,Copart@1,283768
17017@gmail.com,Copart@1,283949
17018@gmail.com,Copart@1,284048
17019@gmail.com,Copart@1,284145
17020@gmail.com,Copart@1,284337
17021@gmail.com,Copart@1,282523
17022@gmail.com,Copart@1,283432
17023@gmail.com,Copart@1,283597
17024@gmail.com,Copart@1,285005
17025@gmail.com,Copart@1,285099
17026@gmail.com,Copart@1,285180
17027@gmail.com,Copart@1,285185
17028@gmail.com,Copart@1,285195
17029@gmail.com,Copart@1,285275
17030@gmail.com,Copart@1,284942
17031@gmail.com,Copart@1,284522
17032@gmail.com,Copart@1,283100
17033@gmail.com,Copart@1,284724
17034@gmail.com,Copart@1,284815
17035@gmail.com,Copart@1,284985
17036@gmail.com,Copart@1,285332
17037@gmail.com,Copart@1,285335
17038@gmail.com,Copart@1,285490
17039@gmail.com,Copart@1,285497
17040@gmail.com,Copart@1,285736
17041@gmail.com,Copart@1,285770
17042@gmail.com,Copart@1,285799
17043@gmail.com,Copart@1,285811
17044@gmail.com,Copart@1,285912
17045@gmail.com,Copart@1,284058
17046@gmail.com,Copart@1,285944
17047@gmail.com,Copart@1,285946
17048@gmail.com,Copart@1,286008
17049@gmail.com,Copart@1,286036
17050@gmail.com,Copart@1,286294
17051@gmail.com,Copart@1,286328
17052@gmail.com,Copart@1,286331
17053@gmail.com,Copart@1,286364
17054@gmail.com,Copart@1,286378
17055@gmail.com,Copart@1,286465
17056@gmail.com,Copart@1,286547
17057@gmail.com,Copart@1,286561
17058@gmail.com,Copart@1,286231
17059@gmail.com,Copart@1,286753
17060@gmail.com,Copart@1,286754
17061@gmail.com,Copart@1,286777
17062@gmail.com,Copart@1,285836
17063@gmail.com,Copart@1,286836
17064@gmail.com,Copart@1,287187
17065@gmail.com,Copart@1,287217
17066@gmail.com,Copart@1,287223
17067@gmail.com,Copart@1,287227
17068@gmail.com,Copart@1,287229
17069@gmail.com,Copart@1,287266
17070@gmail.com,Copart@1,287283
17071@gmail.com,Copart@1,287285
17072@gmail.com,Copart@1,287334
17073@gmail.com,Copart@1,287357
17074@gmail.com,Copart@1,287374
17075@gmail.com,Copart@1,287496
17076@gmail.com,Copart@1,287524
17077@gmail.com,Copart@1,287525
17078@gmail.com,Copart@1,287539
17079@gmail.com,Copart@1,287552
17080@gmail.com,Copart@1,287557
17081@gmail.com,Copart@1,287584
17082@gmail.com,Copart@1,287590
17083@gmail.com,Copart@1,287614
17084@gmail.com,Copart@1,287615
17085@gmail.com,Copart@1,287618
17086@gmail.com,Copart@1,287689
17087@gmail.com,Copart@1,287740
17088@gmail.com,Copart@1,286383
17089@gmail.com,Copart@1,286384
17090@gmail.com,Copart@1,286411
17091@gmail.com,Copart@1,286864
17092@gmail.com,Copart@1,286870
17093@gmail.com,Copart@1,286922
17094@gmail.com,Copart@1,287064
17095@gmail.com,Copart@1,284072
17096@gmail.com,Copart@1,287122
17097@gmail.com,Copart@1,287158
17098@gmail.com,Copart@1,287159
17099@gmail.com,Copart@1,285866
17100@gmail.com,Copart@1,287050
17101@gmail.com,Copart@1,287772
17102@gmail.com,Copart@1,288349
17103@gmail.com,Copart@1,288375
17104@gmail.com,Copart@1,288384
17105@gmail.com,Copart@1,288487
17106@gmail.com,Copart@1,288504
17107@gmail.com,Copart@1,287663
17108@gmail.com,Copart@1,288238
17109@gmail.com,Copart@1,288579
17110@gmail.com,Copart@1,288589
17111@gmail.com,Copart@1,288629
17112@gmail.com,Copart@1,288360
17113@gmail.com,Copart@1,288274
17114@gmail.com,Copart@1,288752
17115@gmail.com,Copart@1,288769
17116@gmail.com,Copart@1,288780
17117@gmail.com,Copart@1,287793
17118@gmail.com,Copart@1,287835
17119@gmail.com,Copart@1,287899
17120@gmail.com,Copart@1,287927
17121@gmail.com,Copart@1,287991
17122@gmail.com,Copart@1,288817
17123@gmail.com,Copart@1,288882
17124@gmail.com,Copart@1,288885
17125@gmail.com,Copart@1,288966
17126@gmail.com,Copart@1,288975
17127@gmail.com,Copart@1,288977
17128@gmail.com,Copart@1,288985
17129@gmail.com,Copart@1,288084
17130@gmail.com,Copart@1,288168
17131@gmail.com,Copart@1,288191
17132@gmail.com,Copart@1,288209
17133@gmail.com,Copart@1,288214
17134@gmail.com,Copart@1,288224
17135@gmail.com,Copart@1,289038
17136@gmail.com,Copart@1,289045
17137@gmail.com,Copart@1,289185
17138@gmail.com,Copart@1,289215
17139@gmail.com,Copart@1,289230
17140@gmail.com,Copart@1,289350
17141@gmail.com,Copart@1,289375
17142@gmail.com,Copart@1,289404
17143@gmail.com,Copart@1,289439
17144@gmail.com,Copart@1,289448
17145@gmail.com,Copart@1,287853
17146@gmail.com,Copart@1,289468
17147@gmail.com,Copart@1,289480
17148@gmail.com,Copart@1,287365
17149@gmail.com,Copart@1,289524
17150@gmail.com,Copart@1,289617
17151@gmail.com,Copart@1,289619
17152@gmail.com,Copart@1,289513
17153@gmail.com,Copart@1,289674
17154@gmail.com,Copart@1,289691
17155@gmail.com,Copart@1,289706
17156@gmail.com,Copart@1,289764
17157@gmail.com,Copart@1,289783
17158@gmail.com,Copart@1,289797
17159@gmail.com,Copart@1,289824
17160@gmail.com,Copart@1,289967
17161@gmail.com,Copart@1,289994
17162@gmail.com,Copart@1,290001
17163@gmail.com,Copart@1,290007
17164@gmail.com,Copart@1,289966
17165@gmail.com,Copart@1,289963
17166@gmail.com,Copart@1,290034
17167@gmail.com,Copart@1,290135
17168@gmail.com,Copart@1,290160
17169@gmail.com,Copart@1,290166
17170@gmail.com,Copart@1,290204
17171@gmail.com,Copart@1,290212
17172@gmail.com,Copart@1,290224
17173@gmail.com,Copart@1,290235
17174@gmail.com,Copart@1,290386
17175@gmail.com,Copart@1,288510
17176@gmail.com,Copart@1,289557
17177@gmail.com,Copart@1,288852
17178@gmail.com,Copart@1,288252
17179@gmail.com,Copart@1,290473
17180@gmail.com,Copart@1,290664
17181@gmail.com,Copart@1,290685
17182@gmail.com,Copart@1,288947
17183@gmail.com,Copart@1,290703
17184@gmail.com,Copart@1,290780
17185@gmail.com,Copart@1,289726
17186@gmail.com,Copart@1,290594
17187@gmail.com,Copart@1,288236
17188@gmail.com,Copart@1,290878
17189@gmail.com,Copart@1,290044
17190@gmail.com,Copart@1,290407
17191@gmail.com,Copart@1,290994
17192@gmail.com,Copart@1,290036
17193@gmail.com,Copart@1,291024
17194@gmail.com,Copart@1,290056
17195@gmail.com,Copart@1,291088
17196@gmail.com,Copart@1,290843
17197@gmail.com,Copart@1,289287
17198@gmail.com,Copart@1,291127
17199@gmail.com,Copart@1,289780
17200@gmail.com,Copart@1,291244
17201@gmail.com,Copart@1,290287
17202@gmail.com,Copart@1,291474
17203@gmail.com,Copart@1,291493
17204@gmail.com,Copart@1,291202
17205@gmail.com,Copart@1,291215
17206@gmail.com,Copart@1,291124
17207@gmail.com,Copart@1,291678
17208@gmail.com,Copart@1,291739
17209@gmail.com,Copart@1,291764
17210@gmail.com,Copart@1,290017
17211@gmail.com,Copart@1,290846
17212@gmail.com,Copart@1,291934
17213@gmail.com,Copart@1,291935
17214@gmail.com,Copart@1,291412
17215@gmail.com,Copart@1,292449
17216@gmail.com,Copart@1,292458
17217@gmail.com,Copart@1,291297
17218@gmail.com,Copart@1,289873
17219@gmail.com,Copart@1,240659
17220@gmail.com,Copart@1,290786
17221@gmail.com,Copart@1,289525
17222@gmail.com,Copart@1,289321
17223@gmail.com,Copart@1,293414
17224@gmail.com,Copart@1,290856
17225@gmail.com,Copart@1,292331
17226@gmail.com,Copart@1,291425
17227@gmail.com,Copart@1,291612
17228@gmail.com,Copart@1,290860
17229@gmail.com,Copart@1,290845
17230@gmail.com,Copart@1,292356
17231@gmail.com,Copart@1,292358
17232@gmail.com,Copart@1,292359
17233@gmail.com,Copart@1,292360
17234@gmail.com,Copart@1,228071
17235@gmail.com,Copart@1,293143
17236@gmail.com,Copart@1,293171
17237@gmail.com,Copart@1,293175
17238@gmail.com,Copart@1,293272
17239@gmail.com,Copart@1,293279
17240@gmail.com,Copart@1,293284
17241@gmail.com,Copart@1,293094
17242@gmail.com,Copart@1,293639
17243@gmail.com,Copart@1,293678
17244@gmail.com,Copart@1,293680
17245@gmail.com,Copart@1,293682
17246@gmail.com,Copart@1,293732
17247@gmail.com,Copart@1,293733
17248@gmail.com,Copart@1,293735
17249@gmail.com,Copart@1,293747
17250@gmail.com,Copart@1,293753
17251@gmail.com,Copart@1,293773
17252@gmail.com,Copart@1,293781
17253@gmail.com,Copart@1,293784
17254@gmail.com,Copart@1,293787
17255@gmail.com,Copart@1,293818
17256@gmail.com,Copart@1,293819
17257@gmail.com,Copart@1,293881
17258@gmail.com,Copart@1,293884
17259@gmail.com,Copart@1,293887
17260@gmail.com,Copart@1,293888
17261@gmail.com,Copart@1,293891
17262@gmail.com,Copart@1,293893
17263@gmail.com,Copart@1,293897
17264@gmail.com,Copart@1,293900
17265@gmail.com,Copart@1,293909
17266@gmail.com,Copart@1,293911
17267@gmail.com,Copart@1,293914
17268@gmail.com,Copart@1,293916
17269@gmail.com,Copart@1,293945
17270@gmail.com,Copart@1,293947
17271@gmail.com,Copart@1,293948
17272@gmail.com,Copart@1,293950
17273@gmail.com,Copart@1,293953
17274@gmail.com,Copart@1,293956
17275@gmail.com,Copart@1,293964
17276@gmail.com,Copart@1,293969
17277@gmail.com,Copart@1,293986
17278@gmail.com,Copart@1,294027
17279@gmail.com,Copart@1,294028
17280@gmail.com,Copart@1,294078
17281@gmail.com,Copart@1,294088
17282@gmail.com,Copart@1,294091
17283@gmail.com,Copart@1,294092
17284@gmail.com,Copart@1,294095
17285@gmail.com,Copart@1,294096
17286@gmail.com,Copart@1,294097
17287@gmail.com,Copart@1,294098
17288@gmail.com,Copart@1,294099
17289@gmail.com,Copart@1,247099
17290@gmail.com,Copart@1,291922
17291@gmail.com,Copart@1,294125
17292@gmail.com,Copart@1,294127
17293@gmail.com,Copart@1,291921
17294@gmail.com,Copart@1,294159
17295@gmail.com,Copart@1,294161
17296@gmail.com,Copart@1,294162
17297@gmail.com,Copart@1,294164
17298@gmail.com,Copart@1,294165
17299@gmail.com,Copart@1,294167
17300@gmail.com,Copart@1,294168
17301@gmail.com,Copart@1,294169
17302@gmail.com,Copart@1,294171
17303@gmail.com,Copart@1,294173
17304@gmail.com,Copart@1,294174
17305@gmail.com,Copart@1,294175
17306@gmail.com,Copart@1,294177
17307@gmail.com,Copart@1,294178
17308@gmail.com,Copart@1,294179
17309@gmail.com,Copart@1,294181
17310@gmail.com,Copart@1,294184
17311@gmail.com,Copart@1,294185
17312@gmail.com,Copart@1,294186
17313@gmail.com,Copart@1,294187
17314@gmail.com,Copart@1,294188
17315@gmail.com,Copart@1,294194
17316@gmail.com,Copart@1,294196
17317@gmail.com,Copart@1,294201
17318@gmail.com,Copart@1,294202
17319@gmail.com,Copart@1,292538
17320@gmail.com,Copart@1,292539
17321@gmail.com,Copart@1,292543
17322@gmail.com,Copart@1,292549
17323@gmail.com,Copart@1,234122
17324@gmail.com,Copart@1,292554
17325@gmail.com,Copart@1,291955
17326@gmail.com,Copart@1,291904
17327@gmail.com,Copart@1,291114
17328@gmail.com,Copart@1,288794
17329@gmail.com,Copart@1,288249
17330@gmail.com,Copart@1,286434
17331@gmail.com,Copart@1,287701
17332@gmail.com,Copart@1,287844
17333@gmail.com,Copart@1,287791
17334@gmail.com,Copart@1,289549
17335@gmail.com,Copart@1,287656
17336@gmail.com,Copart@1,288872
17337@gmail.com,Copart@1,288284
17338@gmail.com,Copart@1,287055
17339@gmail.com,Copart@1,284635
17340@gmail.com,Copart@1,284949
17341@gmail.com,Copart@1,284594
17342@gmail.com,Copart@1,285130
17343@gmail.com,Copart@1,284561
17344@gmail.com,Copart@1,284050
17345@gmail.com,Copart@1,283904
17346@gmail.com,Copart@1,283945
17347@gmail.com,Copart@1,279984
17348@gmail.com,Copart@1,282532
17349@gmail.com,Copart@1,274862
17350@gmail.com,Copart@1,272415
17351@gmail.com,Copart@1,253663
17352@gmail.com,Copart@1,265616
17353@gmail.com,Copart@1,271548
17354@gmail.com,Copart@1,283027
17355@gmail.com,Copart@1,284495
17356@gmail.com,Copart@1,284420
17357@gmail.com,Copart@1,284986
17358@gmail.com,Copart@1,285747
17359@gmail.com,Copart@1,292868
17360@gmail.com,Copart@1,292870
17361@gmail.com,Copart@1,292874
17362@gmail.com,Copart@1,292877
17363@gmail.com,Copart@1,292881
17364@gmail.com,Copart@1,292911
17365@gmail.com,Copart@1,292915
17366@gmail.com,Copart@1,292937
17367@gmail.com,Copart@1,292939
17368@gmail.com,Copart@1,288069
17369@gmail.com,Copart@1,293090
17370@gmail.com,Copart@1,286121
17371@gmail.com,Copart@1,287840
17372@gmail.com,Copart@1,287717
17373@gmail.com,Copart@1,288285
17374@gmail.com,Copart@1,291282
17375@gmail.com,Copart@1,286912
17376@gmail.com,Copart@1,282906
17377@gmail.com,Copart@1,289099
17378@gmail.com,Copart@1,289719
17379@gmail.com,Copart@1,290265
17380@gmail.com,Copart@1,286925
17381@gmail.com,Copart@1,290525
17382@gmail.com,Copart@1,287688
17383@gmail.com,Copart@1,284634
17384@gmail.com,Copart@1,284706
17385@gmail.com,Copart@1,284944
17386@gmail.com,Copart@1,283598
17387@gmail.com,Copart@1,284941
17388@gmail.com,Copart@1,284248
17389@gmail.com,Copart@1,285323
17390@gmail.com,Copart@1,284618
17391@gmail.com,Copart@1,286918
17392@gmail.com,Copart@1,286838
17393@gmail.com,Copart@1,286447
17394@gmail.com,Copart@1,274754
17395@gmail.com,Copart@1,256246
17396@gmail.com,Copart@1,274392
17397@gmail.com,Copart@1,286190
17398@gmail.com,Copart@1,288857
17399@gmail.com,Copart@1,289594
17400@gmail.com,Copart@1,294223
17401@gmail.com,Copart@1,294217
17402@gmail.com,Copart@1,294222
17403@gmail.com,Copart@1,295228
17404@gmail.com,Copart@1,274750
17405@gmail.com,Copart@1,275190
17406@gmail.com,Copart@1,291511
17407@gmail.com,Copart@1,291508
17408@gmail.com,Copart@1,291510
17409@gmail.com,Copart@1,274549
17410@gmail.com,Copart@1,274652
17411@gmail.com,Copart@1,274670
17412@gmail.com,Copart@1,274431
17413@gmail.com,Copart@1,274111
17414@gmail.com,Copart@1,274313
17415@gmail.com,Copart@1,257640
17416@gmail.com,Copart@1,260850
17417@gmail.com,Copart@1,230598
17418@gmail.com,Copart@1,262831
