UserID,Password,CarMake
13419@gmail.com,Copart@1,Fiat
13420@gmail.com,Copart@1,Volkswagen
13421@gmail.com,Copart@1,Ford
13422@gmail.com,Copart@1,Hyundai
13423@gmail.com,Copart@1,Renault
13424@gmail.com,Copart@1,Toyota
13425@gmail.com,Copart@1,Honda
13426@gmail.com,Copart@1,Fiat
13427@gmail.com,Copart@1,Volkswagen
13428@gmail.com,Copart@1,Ford
13429@gmail.com,Copart@1,Hyundai
13430@gmail.com,Copart@1,Renault
13431@gmail.com,Copart@1,Toyota
13432@gmail.com,Copart@1,Honda
13433@gmail.com,Copart@1,Fiat
13434@gmail.com,Copart@1,Volkswagen
13435@gmail.com,Copart@1,Ford
13436@gmail.com,Copart@1,Hyundai
13437@gmail.com,Copart@1,Renault
13438@gmail.com,Copart@1,Toyota
13439@gmail.com,Copart@1,Honda
13440@gmail.com,Copart@1,Fiat
13441@gmail.com,Copart@1,Volkswagen
13442@gmail.com,Copart@1,Ford
13443@gmail.com,Copart@1,Hyundai
13444@gmail.com,Copart@1,Renault
13445@gmail.com,Copart@1,Toyota
13446@gmail.com,Copart@1,Honda
13447@gmail.com,Copart@1,Fiat
13448@gmail.com,Copart@1,Volkswagen
13449@gmail.com,Copart@1,Ford
13450@gmail.com,Copart@1,Hyundai
13451@gmail.com,Copart@1,Renault
13452@gmail.com,Copart@1,Toyota
13453@gmail.com,Copart@1,Honda
13454@gmail.com,Copart@1,Fiat
13455@gmail.com,Copart@1,Volkswagen
13456@gmail.com,Copart@1,Ford
13457@gmail.com,Copart@1,Hyundai
13458@gmail.com,Copart@1,Renault
13459@gmail.com,Copart@1,Toyota
13460@gmail.com,Copart@1,Honda
13461@gmail.com,Copart@1,Fiat
13462@gmail.com,Copart@1,Volkswagen
13463@gmail.com,Copart@1,Ford
13464@gmail.com,Copart@1,Hyundai
13465@gmail.com,Copart@1,Renault
13466@gmail.com,Copart@1,Toyota
13467@gmail.com,Copart@1,Honda
13468@gmail.com,Copart@1,Fiat
13469@gmail.com,Copart@1,Volkswagen
13470@gmail.com,Copart@1,Ford
13471@gmail.com,Copart@1,Hyundai
13472@gmail.com,Copart@1,Renault
13473@gmail.com,Copart@1,Toyota
13474@gmail.com,Copart@1,Honda
13475@gmail.com,Copart@1,Fiat
13476@gmail.com,Copart@1,Volkswagen
13477@gmail.com,Copart@1,Ford
13478@gmail.com,Copart@1,Hyundai
13479@gmail.com,Copart@1,Renault
13480@gmail.com,Copart@1,Toyota
13481@gmail.com,Copart@1,Honda
13482@gmail.com,Copart@1,Fiat
13483@gmail.com,Copart@1,Volkswagen
13484@gmail.com,Copart@1,Ford
13485@gmail.com,Copart@1,Hyundai
13486@gmail.com,Copart@1,Renault
13487@gmail.com,Copart@1,Toyota
13488@gmail.com,Copart@1,Honda
13489@gmail.com,Copart@1,Fiat
13490@gmail.com,Copart@1,Volkswagen
13491@gmail.com,Copart@1,Ford
13492@gmail.com,Copart@1,Hyundai
13493@gmail.com,Copart@1,Renault
13494@gmail.com,Copart@1,Toyota
13495@gmail.com,Copart@1,Honda
13496@gmail.com,Copart@1,Fiat
13497@gmail.com,Copart@1,Volkswagen
13498@gmail.com,Copart@1,Ford
13499@gmail.com,Copart@1,Hyundai
13500@gmail.com,Copart@1,Renault
13501@gmail.com,Copart@1,Toyota
13502@gmail.com,Copart@1,Honda
13503@gmail.com,Copart@1,Fiat
13504@gmail.com,Copart@1,Volkswagen
13505@gmail.com,Copart@1,Ford
13506@gmail.com,Copart@1,Hyundai
13507@gmail.com,Copart@1,Renault
13508@gmail.com,Copart@1,Toyota
13509@gmail.com,Copart@1,Honda
13510@gmail.com,Copart@1,Fiat
13511@gmail.com,Copart@1,Volkswagen
13512@gmail.com,Copart@1,Ford
13513@gmail.com,Copart@1,Hyundai
13514@gmail.com,Copart@1,Renault
13515@gmail.com,Copart@1,Toyota
13516@gmail.com,Copart@1,Honda
13517@gmail.com,Copart@1,Fiat
13518@gmail.com,Copart@1,Volkswagen
13519@gmail.com,Copart@1,Ford
13520@gmail.com,Copart@1,Hyundai
13521@gmail.com,Copart@1,Renault
13522@gmail.com,Copart@1,Toyota
13523@gmail.com,Copart@1,Honda
13524@gmail.com,Copart@1,Fiat
13525@gmail.com,Copart@1,Volkswagen
13526@gmail.com,Copart@1,Ford
13527@gmail.com,Copart@1,Hyundai
13528@gmail.com,Copart@1,Renault
13529@gmail.com,Copart@1,Toyota
13530@gmail.com,Copart@1,Honda
13531@gmail.com,Copart@1,Fiat
13532@gmail.com,Copart@1,Volkswagen
13533@gmail.com,Copart@1,Ford
13534@gmail.com,Copart@1,Hyundai
13535@gmail.com,Copart@1,Renault
13536@gmail.com,Copart@1,Toyota
13537@gmail.com,Copart@1,Honda
13538@gmail.com,Copart@1,Fiat
13539@gmail.com,Copart@1,Volkswagen
13540@gmail.com,Copart@1,Ford
13541@gmail.com,Copart@1,Hyundai
13542@gmail.com,Copart@1,Renault
13543@gmail.com,Copart@1,Toyota
13544@gmail.com,Copart@1,Honda
13545@gmail.com,Copart@1,Fiat
13546@gmail.com,Copart@1,Volkswagen
13547@gmail.com,Copart@1,Ford
13548@gmail.com,Copart@1,Hyundai
13549@gmail.com,Copart@1,Renault
13550@gmail.com,Copart@1,Toyota
13551@gmail.com,Copart@1,Honda
13552@gmail.com,Copart@1,Fiat
13553@gmail.com,Copart@1,Volkswagen
13554@gmail.com,Copart@1,Ford
13555@gmail.com,Copart@1,Hyundai
13556@gmail.com,Copart@1,Renault
13557@gmail.com,Copart@1,Toyota
13558@gmail.com,Copart@1,Honda
13559@gmail.com,Copart@1,Fiat
13560@gmail.com,Copart@1,Volkswagen
13561@gmail.com,Copart@1,Ford
13562@gmail.com,Copart@1,Hyundai
13563@gmail.com,Copart@1,Renault
13564@gmail.com,Copart@1,Toyota
13565@gmail.com,Copart@1,Honda
13566@gmail.com,Copart@1,Fiat
13567@gmail.com,Copart@1,Volkswagen
13568@gmail.com,Copart@1,Ford
13569@gmail.com,Copart@1,Hyundai
13570@gmail.com,Copart@1,Renault
13571@gmail.com,Copart@1,Toyota
13572@gmail.com,Copart@1,Honda
13573@gmail.com,Copart@1,Fiat
13574@gmail.com,Copart@1,Volkswagen
13575@gmail.com,Copart@1,Ford
13576@gmail.com,Copart@1,Hyundai
13577@gmail.com,Copart@1,Renault
13578@gmail.com,Copart@1,Toyota
13579@gmail.com,Copart@1,Honda
13580@gmail.com,Copart@1,Fiat
13581@gmail.com,Copart@1,Volkswagen
13582@gmail.com,Copart@1,Ford
13583@gmail.com,Copart@1,Hyundai
13584@gmail.com,Copart@1,Renault
13585@gmail.com,Copart@1,Toyota
13586@gmail.com,Copart@1,Honda
13587@gmail.com,Copart@1,Fiat
13588@gmail.com,Copart@1,Volkswagen
13589@gmail.com,Copart@1,Ford
13590@gmail.com,Copart@1,Hyundai
13591@gmail.com,Copart@1,Renault
13592@gmail.com,Copart@1,Toyota
13593@gmail.com,Copart@1,Honda
13594@gmail.com,Copart@1,Fiat
13595@gmail.com,Copart@1,Volkswagen
13596@gmail.com,Copart@1,Ford
13597@gmail.com,Copart@1,Hyundai
13598@gmail.com,Copart@1,Renault
13599@gmail.com,Copart@1,Toyota
13600@gmail.com,Copart@1,Honda
13601@gmail.com,Copart@1,Fiat
13602@gmail.com,Copart@1,Volkswagen
13603@gmail.com,Copart@1,Ford
13604@gmail.com,Copart@1,Hyundai
13605@gmail.com,Copart@1,Renault
13606@gmail.com,Copart@1,Toyota
13607@gmail.com,Copart@1,Honda
13608@gmail.com,Copart@1,Fiat
13609@gmail.com,Copart@1,Volkswagen
13610@gmail.com,Copart@1,Ford
13611@gmail.com,Copart@1,Hyundai
13612@gmail.com,Copart@1,Renault
13613@gmail.com,Copart@1,Toyota
13614@gmail.com,Copart@1,Honda
13615@gmail.com,Copart@1,Fiat
13616@gmail.com,Copart@1,Volkswagen
13617@gmail.com,Copart@1,Ford
13618@gmail.com,Copart@1,Hyundai
13619@gmail.com,Copart@1,Renault
13620@gmail.com,Copart@1,Toyota
13621@gmail.com,Copart@1,Honda
13622@gmail.com,Copart@1,Fiat
13623@gmail.com,Copart@1,Volkswagen
13624@gmail.com,Copart@1,Ford
13625@gmail.com,Copart@1,Hyundai
13626@gmail.com,Copart@1,Renault
13627@gmail.com,Copart@1,Toyota
13628@gmail.com,Copart@1,Honda
13629@gmail.com,Copart@1,Fiat
13630@gmail.com,Copart@1,Volkswagen
13631@gmail.com,Copart@1,Ford
13632@gmail.com,Copart@1,Hyundai
13633@gmail.com,Copart@1,Renault
13634@gmail.com,Copart@1,Toyota
13635@gmail.com,Copart@1,Honda
13636@gmail.com,Copart@1,Fiat
13637@gmail.com,Copart@1,Volkswagen
13638@gmail.com,Copart@1,Ford
13639@gmail.com,Copart@1,Hyundai
13640@gmail.com,Copart@1,Renault
13641@gmail.com,Copart@1,Toyota
13642@gmail.com,Copart@1,Honda
13643@gmail.com,Copart@1,Fiat
13644@gmail.com,Copart@1,Volkswagen
13645@gmail.com,Copart@1,Ford
13646@gmail.com,Copart@1,Hyundai
13647@gmail.com,Copart@1,Renault
13648@gmail.com,Copart@1,Toyota
13649@gmail.com,Copart@1,Honda
13650@gmail.com,Copart@1,Fiat
13651@gmail.com,Copart@1,Volkswagen
13652@gmail.com,Copart@1,Ford
13653@gmail.com,Copart@1,Hyundai
13654@gmail.com,Copart@1,Renault
13655@gmail.com,Copart@1,Toyota
13656@gmail.com,Copart@1,Honda
13657@gmail.com,Copart@1,Fiat
13658@gmail.com,Copart@1,Volkswagen
13659@gmail.com,Copart@1,Ford
13660@gmail.com,Copart@1,Hyundai
13661@gmail.com,Copart@1,Renault
13662@gmail.com,Copart@1,Toyota
13663@gmail.com,Copart@1,Honda
13664@gmail.com,Copart@1,Fiat
13665@gmail.com,Copart@1,Volkswagen
13666@gmail.com,Copart@1,Ford
13667@gmail.com,Copart@1,Hyundai
13668@gmail.com,Copart@1,Renault
13669@gmail.com,Copart@1,Toyota
13670@gmail.com,Copart@1,Honda
13671@gmail.com,Copart@1,Fiat
13672@gmail.com,Copart@1,Volkswagen
13673@gmail.com,Copart@1,Ford
13674@gmail.com,Copart@1,Hyundai
13675@gmail.com,Copart@1,Renault
13676@gmail.com,Copart@1,Toyota
13677@gmail.com,Copart@1,Honda
13678@gmail.com,Copart@1,Fiat
13679@gmail.com,Copart@1,Volkswagen
13680@gmail.com,Copart@1,Ford
13681@gmail.com,Copart@1,Hyundai
13682@gmail.com,Copart@1,Renault
13683@gmail.com,Copart@1,Toyota
13684@gmail.com,Copart@1,Honda
13685@gmail.com,Copart@1,Fiat
13686@gmail.com,Copart@1,Volkswagen
13687@gmail.com,Copart@1,Ford
13688@gmail.com,Copart@1,Hyundai
13689@gmail.com,Copart@1,Renault
13690@gmail.com,Copart@1,Toyota
13691@gmail.com,Copart@1,Honda
13692@gmail.com,Copart@1,Fiat
13693@gmail.com,Copart@1,Volkswagen
13694@gmail.com,Copart@1,Ford
13695@gmail.com,Copart@1,Hyundai
13696@gmail.com,Copart@1,Renault
13697@gmail.com,Copart@1,Toyota
13698@gmail.com,Copart@1,Honda
13699@gmail.com,Copart@1,Fiat
13700@gmail.com,Copart@1,Volkswagen
13701@gmail.com,Copart@1,Ford
13702@gmail.com,Copart@1,Hyundai
13703@gmail.com,Copart@1,Renault
13704@gmail.com,Copart@1,Toyota
13705@gmail.com,Copart@1,Honda
13706@gmail.com,Copart@1,Fiat
13707@gmail.com,Copart@1,Volkswagen
13708@gmail.com,Copart@1,Ford
13709@gmail.com,Copart@1,Hyundai
13710@gmail.com,Copart@1,Renault
13711@gmail.com,Copart@1,Toyota
13712@gmail.com,Copart@1,Honda
13713@gmail.com,Copart@1,Fiat
13714@gmail.com,Copart@1,Volkswagen
13715@gmail.com,Copart@1,Ford
13716@gmail.com,Copart@1,Hyundai
13717@gmail.com,Copart@1,Renault
13718@gmail.com,Copart@1,Toyota
13719@gmail.com,Copart@1,Honda
13720@gmail.com,Copart@1,Fiat
13721@gmail.com,Copart@1,Volkswagen
13722@gmail.com,Copart@1,Ford
13723@gmail.com,Copart@1,Hyundai
13724@gmail.com,Copart@1,Renault
13725@gmail.com,Copart@1,Toyota
13726@gmail.com,Copart@1,Honda
13727@gmail.com,Copart@1,Fiat
13728@gmail.com,Copart@1,Volkswagen
13729@gmail.com,Copart@1,Ford
13730@gmail.com,Copart@1,Hyundai
13731@gmail.com,Copart@1,Renault
13732@gmail.com,Copart@1,Toyota
13733@gmail.com,Copart@1,Honda
13734@gmail.com,Copart@1,Fiat
13735@gmail.com,Copart@1,Volkswagen
13736@gmail.com,Copart@1,Ford
13737@gmail.com,Copart@1,Hyundai
13738@gmail.com,Copart@1,Renault
13739@gmail.com,Copart@1,Toyota
13740@gmail.com,Copart@1,Honda
13741@gmail.com,Copart@1,Fiat
13742@gmail.com,Copart@1,Volkswagen
13743@gmail.com,Copart@1,Ford
13744@gmail.com,Copart@1,Hyundai
13745@gmail.com,Copart@1,Renault
13746@gmail.com,Copart@1,Toyota
13747@gmail.com,Copart@1,Honda
13748@gmail.com,Copart@1,Fiat
13749@gmail.com,Copart@1,Volkswagen
13750@gmail.com,Copart@1,Ford
13751@gmail.com,Copart@1,Hyundai
13752@gmail.com,Copart@1,Renault
13753@gmail.com,Copart@1,Toyota
13754@gmail.com,Copart@1,Honda
13755@gmail.com,Copart@1,Fiat
13756@gmail.com,Copart@1,Volkswagen
13757@gmail.com,Copart@1,Ford
13758@gmail.com,Copart@1,Hyundai
13759@gmail.com,Copart@1,Renault
13760@gmail.com,Copart@1,Toyota
13761@gmail.com,Copart@1,Honda
13762@gmail.com,Copart@1,Fiat
13763@gmail.com,Copart@1,Volkswagen
13764@gmail.com,Copart@1,Ford
13765@gmail.com,Copart@1,Hyundai
13766@gmail.com,Copart@1,Renault
13767@gmail.com,Copart@1,Toyota
13768@gmail.com,Copart@1,Honda
13769@gmail.com,Copart@1,Fiat
13770@gmail.com,Copart@1,Volkswagen
13771@gmail.com,Copart@1,Ford
13772@gmail.com,Copart@1,Hyundai
13773@gmail.com,Copart@1,Renault
13774@gmail.com,Copart@1,Toyota
13775@gmail.com,Copart@1,Honda
13776@gmail.com,Copart@1,Fiat
13777@gmail.com,Copart@1,Volkswagen
13778@gmail.com,Copart@1,Ford
13779@gmail.com,Copart@1,Hyundai
13780@gmail.com,Copart@1,Renault
13781@gmail.com,Copart@1,Toyota
13782@gmail.com,Copart@1,Honda
13783@gmail.com,Copart@1,Fiat
13784@gmail.com,Copart@1,Volkswagen
13785@gmail.com,Copart@1,Ford
13786@gmail.com,Copart@1,Hyundai
13787@gmail.com,Copart@1,Renault
13788@gmail.com,Copart@1,Toyota
13789@gmail.com,Copart@1,Honda
13790@gmail.com,Copart@1,Fiat
13791@gmail.com,Copart@1,Volkswagen
13792@gmail.com,Copart@1,Ford
13793@gmail.com,Copart@1,Hyundai
13794@gmail.com,Copart@1,Renault
13795@gmail.com,Copart@1,Toyota
13796@gmail.com,Copart@1,Honda
13797@gmail.com,Copart@1,Fiat
13798@gmail.com,Copart@1,Volkswagen
13799@gmail.com,Copart@1,Ford
13800@gmail.com,Copart@1,Hyundai
13801@gmail.com,Copart@1,Renault
13802@gmail.com,Copart@1,Toyota
13803@gmail.com,Copart@1,Honda
13804@gmail.com,Copart@1,Fiat
13805@gmail.com,Copart@1,Volkswagen
13806@gmail.com,Copart@1,Ford
13807@gmail.com,Copart@1,Hyundai
13808@gmail.com,Copart@1,Renault
13809@gmail.com,Copart@1,Toyota
13810@gmail.com,Copart@1,Honda
13811@gmail.com,Copart@1,Fiat
13812@gmail.com,Copart@1,Volkswagen
13813@gmail.com,Copart@1,Ford
13814@gmail.com,Copart@1,Hyundai
13815@gmail.com,Copart@1,Renault
13816@gmail.com,Copart@1,Toyota
13817@gmail.com,Copart@1,Honda
13818@gmail.com,Copart@1,Fiat
13819@gmail.com,Copart@1,Volkswagen
13820@gmail.com,Copart@1,Ford
13821@gmail.com,Copart@1,Hyundai
13822@gmail.com,Copart@1,Renault
13823@gmail.com,Copart@1,Toyota
13824@gmail.com,Copart@1,Honda
13825@gmail.com,Copart@1,Fiat
13826@gmail.com,Copart@1,Volkswagen
13827@gmail.com,Copart@1,Ford
13828@gmail.com,Copart@1,Hyundai
13829@gmail.com,Copart@1,Renault
13830@gmail.com,Copart@1,Toyota
13831@gmail.com,Copart@1,Honda
13832@gmail.com,Copart@1,Fiat
13833@gmail.com,Copart@1,Volkswagen
13834@gmail.com,Copart@1,Ford
13835@gmail.com,Copart@1,Hyundai
13836@gmail.com,Copart@1,Renault
13837@gmail.com,Copart@1,Toyota
13838@gmail.com,Copart@1,Honda
13839@gmail.com,Copart@1,Fiat
13840@gmail.com,Copart@1,Volkswagen
13841@gmail.com,Copart@1,Ford
13842@gmail.com,Copart@1,Hyundai
13843@gmail.com,Copart@1,Renault
13844@gmail.com,Copart@1,Toyota
13845@gmail.com,Copart@1,Honda
13846@gmail.com,Copart@1,Fiat
13847@gmail.com,Copart@1,Volkswagen
13848@gmail.com,Copart@1,Ford
13849@gmail.com,Copart@1,Hyundai
13850@gmail.com,Copart@1,Renault
13851@gmail.com,Copart@1,Toyota
13852@gmail.com,Copart@1,Honda
13853@gmail.com,Copart@1,Fiat
13854@gmail.com,Copart@1,Volkswagen
13855@gmail.com,Copart@1,Ford
13856@gmail.com,Copart@1,Hyundai
13857@gmail.com,Copart@1,Renault
13858@gmail.com,Copart@1,Toyota
13859@gmail.com,Copart@1,Honda
13860@gmail.com,Copart@1,Fiat
13861@gmail.com,Copart@1,Volkswagen
13862@gmail.com,Copart@1,Ford
13863@gmail.com,Copart@1,Hyundai
13864@gmail.com,Copart@1,Renault
13865@gmail.com,Copart@1,Toyota
13866@gmail.com,Copart@1,Honda
13867@gmail.com,Copart@1,Fiat
13868@gmail.com,Copart@1,Volkswagen
13869@gmail.com,Copart@1,Ford
13870@gmail.com,Copart@1,Hyundai
13871@gmail.com,Copart@1,Renault
13872@gmail.com,Copart@1,Toyota
13873@gmail.com,Copart@1,Honda
13874@gmail.com,Copart@1,Fiat
13875@gmail.com,Copart@1,Volkswagen
13876@gmail.com,Copart@1,Ford
13877@gmail.com,Copart@1,Hyundai
13878@gmail.com,Copart@1,Renault
13879@gmail.com,Copart@1,Toyota
13880@gmail.com,Copart@1,Honda
13881@gmail.com,Copart@1,Fiat
13882@gmail.com,Copart@1,Volkswagen
13883@gmail.com,Copart@1,Ford
13884@gmail.com,Copart@1,Hyundai
13885@gmail.com,Copart@1,Renault
13886@gmail.com,Copart@1,Toyota
13887@gmail.com,Copart@1,Honda
13888@gmail.com,Copart@1,Fiat
13889@gmail.com,Copart@1,Volkswagen
13890@gmail.com,Copart@1,Ford
13891@gmail.com,Copart@1,Hyundai
13892@gmail.com,Copart@1,Renault
13893@gmail.com,Copart@1,Toyota
13894@gmail.com,Copart@1,Honda
13895@gmail.com,Copart@1,Fiat
13896@gmail.com,Copart@1,Volkswagen
13897@gmail.com,Copart@1,Ford
13898@gmail.com,Copart@1,Hyundai
13899@gmail.com,Copart@1,Renault
13900@gmail.com,Copart@1,Toyota
13901@gmail.com,Copart@1,Honda
13902@gmail.com,Copart@1,Fiat
13903@gmail.com,Copart@1,Volkswagen
13904@gmail.com,Copart@1,Ford
13905@gmail.com,Copart@1,Hyundai
13906@gmail.com,Copart@1,Renault
13907@gmail.com,Copart@1,Toyota
13908@gmail.com,Copart@1,Honda
13909@gmail.com,Copart@1,Fiat
13910@gmail.com,Copart@1,Volkswagen
13911@gmail.com,Copart@1,Ford
13912@gmail.com,Copart@1,Hyundai
13913@gmail.com,Copart@1,Renault
13914@gmail.com,Copart@1,Toyota
13915@gmail.com,Copart@1,Honda
13916@gmail.com,Copart@1,Fiat
13917@gmail.com,Copart@1,Volkswagen
13918@gmail.com,Copart@1,Ford
13919@gmail.com,Copart@1,Hyundai
13920@gmail.com,Copart@1,Renault
13921@gmail.com,Copart@1,Toyota
13922@gmail.com,Copart@1,Honda
13923@gmail.com,Copart@1,Fiat
13924@gmail.com,Copart@1,Volkswagen
13925@gmail.com,Copart@1,Ford
13926@gmail.com,Copart@1,Hyundai
13927@gmail.com,Copart@1,Renault
13928@gmail.com,Copart@1,Toyota
13929@gmail.com,Copart@1,Honda
13930@gmail.com,Copart@1,Fiat
13931@gmail.com,Copart@1,Volkswagen
13932@gmail.com,Copart@1,Ford
13933@gmail.com,Copart@1,Hyundai
13934@gmail.com,Copart@1,Renault
13935@gmail.com,Copart@1,Toyota
13936@gmail.com,Copart@1,Honda
13937@gmail.com,Copart@1,Fiat
13938@gmail.com,Copart@1,Volkswagen
13939@gmail.com,Copart@1,Ford
13940@gmail.com,Copart@1,Hyundai
13941@gmail.com,Copart@1,Renault
13942@gmail.com,Copart@1,Toyota
13943@gmail.com,Copart@1,Honda
13944@gmail.com,Copart@1,Fiat
13945@gmail.com,Copart@1,Volkswagen
13946@gmail.com,Copart@1,Ford
13947@gmail.com,Copart@1,Hyundai
13948@gmail.com,Copart@1,Renault
13949@gmail.com,Copart@1,Toyota
13950@gmail.com,Copart@1,Honda
13951@gmail.com,Copart@1,Fiat
13952@gmail.com,Copart@1,Volkswagen
13953@gmail.com,Copart@1,Ford
13954@gmail.com,Copart@1,Hyundai
13955@gmail.com,Copart@1,Renault
13956@gmail.com,Copart@1,Toyota
13957@gmail.com,Copart@1,Honda
13958@gmail.com,Copart@1,Fiat
13959@gmail.com,Copart@1,Volkswagen
13960@gmail.com,Copart@1,Ford
13961@gmail.com,Copart@1,Hyundai
13962@gmail.com,Copart@1,Renault
13963@gmail.com,Copart@1,Toyota
13964@gmail.com,Copart@1,Honda
13965@gmail.com,Copart@1,Fiat
13966@gmail.com,Copart@1,Volkswagen
13967@gmail.com,Copart@1,Ford
13968@gmail.com,Copart@1,Hyundai
13969@gmail.com,Copart@1,Renault
13970@gmail.com,Copart@1,Toyota
13971@gmail.com,Copart@1,Honda
13972@gmail.com,Copart@1,Fiat
13973@gmail.com,Copart@1,Volkswagen
13974@gmail.com,Copart@1,Ford
13975@gmail.com,Copart@1,Hyundai
13976@gmail.com,Copart@1,Renault
13977@gmail.com,Copart@1,Toyota
13978@gmail.com,Copart@1,Honda
13979@gmail.com,Copart@1,Fiat
13980@gmail.com,Copart@1,Volkswagen
13981@gmail.com,Copart@1,Ford
13982@gmail.com,Copart@1,Hyundai
13983@gmail.com,Copart@1,Renault
13984@gmail.com,Copart@1,Toyota
13985@gmail.com,Copart@1,Honda
13986@gmail.com,Copart@1,Fiat
13987@gmail.com,Copart@1,Volkswagen
13988@gmail.com,Copart@1,Ford
13989@gmail.com,Copart@1,Hyundai
13990@gmail.com,Copart@1,Renault
13991@gmail.com,Copart@1,Toyota
13992@gmail.com,Copart@1,Honda
13993@gmail.com,Copart@1,Fiat
13994@gmail.com,Copart@1,Volkswagen
13995@gmail.com,Copart@1,Ford
13996@gmail.com,Copart@1,Hyundai
13997@gmail.com,Copart@1,Renault
13998@gmail.com,Copart@1,Toyota
13999@gmail.com,Copart@1,Honda
14000@gmail.com,Copart@1,Fiat
14001@gmail.com,Copart@1,Volkswagen
14002@gmail.com,Copart@1,Ford
14003@gmail.com,Copart@1,Hyundai
14004@gmail.com,Copart@1,Renault
14005@gmail.com,Copart@1,Toyota
14006@gmail.com,Copart@1,Honda
14007@gmail.com,Copart@1,Fiat
14008@gmail.com,Copart@1,Volkswagen
14009@gmail.com,Copart@1,Ford
14010@gmail.com,Copart@1,Hyundai
14011@gmail.com,Copart@1,Renault
14012@gmail.com,Copart@1,Toyota
14013@gmail.com,Copart@1,Honda
14014@gmail.com,Copart@1,Fiat
14015@gmail.com,Copart@1,Volkswagen
14016@gmail.com,Copart@1,Ford
14017@gmail.com,Copart@1,Hyundai
14018@gmail.com,Copart@1,Renault
14019@gmail.com,Copart@1,Toyota
14020@gmail.com,Copart@1,Honda
14021@gmail.com,Copart@1,Fiat
14022@gmail.com,Copart@1,Volkswagen
14023@gmail.com,Copart@1,Ford
14024@gmail.com,Copart@1,Hyundai
14025@gmail.com,Copart@1,Renault
14026@gmail.com,Copart@1,Toyota
14027@gmail.com,Copart@1,Honda
14028@gmail.com,Copart@1,Fiat
14029@gmail.com,Copart@1,Volkswagen
14030@gmail.com,Copart@1,Ford
14031@gmail.com,Copart@1,Hyundai
14032@gmail.com,Copart@1,Renault
14033@gmail.com,Copart@1,Toyota
14034@gmail.com,Copart@1,Honda
14035@gmail.com,Copart@1,Fiat
14036@gmail.com,Copart@1,Volkswagen
14037@gmail.com,Copart@1,Ford
14038@gmail.com,Copart@1,Hyundai
14039@gmail.com,Copart@1,Renault
14040@gmail.com,Copart@1,Toyota
14041@gmail.com,Copart@1,Honda
14042@gmail.com,Copart@1,Fiat
14043@gmail.com,Copart@1,Volkswagen
14044@gmail.com,Copart@1,Ford
14045@gmail.com,Copart@1,Hyundai
14046@gmail.com,Copart@1,Renault
14047@gmail.com,Copart@1,Toyota
14048@gmail.com,Copart@1,Honda
14049@gmail.com,Copart@1,Fiat
14050@gmail.com,Copart@1,Volkswagen
14051@gmail.com,Copart@1,Ford
14052@gmail.com,Copart@1,Hyundai
14053@gmail.com,Copart@1,Renault
14054@gmail.com,Copart@1,Toyota
14055@gmail.com,Copart@1,Honda
14056@gmail.com,Copart@1,Fiat
14057@gmail.com,Copart@1,Volkswagen
14058@gmail.com,Copart@1,Ford
14059@gmail.com,Copart@1,Hyundai
14060@gmail.com,Copart@1,Renault
14061@gmail.com,Copart@1,Toyota
14062@gmail.com,Copart@1,Honda
14063@gmail.com,Copart@1,Fiat
14064@gmail.com,Copart@1,Volkswagen
14065@gmail.com,Copart@1,Ford
14066@gmail.com,Copart@1,Hyundai
14067@gmail.com,Copart@1,Renault
14068@gmail.com,Copart@1,Toyota
14069@gmail.com,Copart@1,Honda
14070@gmail.com,Copart@1,Fiat
14071@gmail.com,Copart@1,Volkswagen
14072@gmail.com,Copart@1,Ford
14073@gmail.com,Copart@1,Hyundai
14074@gmail.com,Copart@1,Renault
14075@gmail.com,Copart@1,Toyota
14076@gmail.com,Copart@1,Honda
14077@gmail.com,Copart@1,Fiat
14078@gmail.com,Copart@1,Volkswagen
14079@gmail.com,Copart@1,Ford
14080@gmail.com,Copart@1,Hyundai
14081@gmail.com,Copart@1,Renault
14082@gmail.com,Copart@1,Toyota
14083@gmail.com,Copart@1,Honda
14084@gmail.com,Copart@1,Fiat
14085@gmail.com,Copart@1,Volkswagen
14086@gmail.com,Copart@1,Ford
14087@gmail.com,Copart@1,Hyundai
14088@gmail.com,Copart@1,Renault
14089@gmail.com,Copart@1,Toyota
14090@gmail.com,Copart@1,Honda
14091@gmail.com,Copart@1,Fiat
14092@gmail.com,Copart@1,Volkswagen
14093@gmail.com,Copart@1,Ford
14094@gmail.com,Copart@1,Hyundai
14095@gmail.com,Copart@1,Renault
14096@gmail.com,Copart@1,Toyota
14097@gmail.com,Copart@1,Honda
14098@gmail.com,Copart@1,Fiat
14099@gmail.com,Copart@1,Volkswagen
14100@gmail.com,Copart@1,Ford
14101@gmail.com,Copart@1,Hyundai
14102@gmail.com,Copart@1,Renault
14103@gmail.com,Copart@1,Toyota
14104@gmail.com,Copart@1,Honda
14105@gmail.com,Copart@1,Fiat
14106@gmail.com,Copart@1,Volkswagen
14107@gmail.com,Copart@1,Ford
14108@gmail.com,Copart@1,Hyundai
14109@gmail.com,Copart@1,Renault
14110@gmail.com,Copart@1,Toyota
14111@gmail.com,Copart@1,Honda
14112@gmail.com,Copart@1,Fiat
14113@gmail.com,Copart@1,Volkswagen
14114@gmail.com,Copart@1,Ford
14115@gmail.com,Copart@1,Hyundai
14116@gmail.com,Copart@1,Renault
14117@gmail.com,Copart@1,Toyota
14118@gmail.com,Copart@1,Honda
14119@gmail.com,Copart@1,Fiat
14120@gmail.com,Copart@1,Volkswagen
14121@gmail.com,Copart@1,Ford
14122@gmail.com,Copart@1,Hyundai
14123@gmail.com,Copart@1,Renault
14124@gmail.com,Copart@1,Toyota
14125@gmail.com,Copart@1,Honda
14126@gmail.com,Copart@1,Fiat
14127@gmail.com,Copart@1,Volkswagen
14128@gmail.com,Copart@1,Ford
14129@gmail.com,Copart@1,Hyundai
14130@gmail.com,Copart@1,Renault
14131@gmail.com,Copart@1,Toyota
14132@gmail.com,Copart@1,Honda
14133@gmail.com,Copart@1,Fiat
14134@gmail.com,Copart@1,Volkswagen
14135@gmail.com,Copart@1,Ford
14136@gmail.com,Copart@1,Hyundai
14137@gmail.com,Copart@1,Renault
14138@gmail.com,Copart@1,Toyota
14139@gmail.com,Copart@1,Honda
14140@gmail.com,Copart@1,Fiat
14141@gmail.com,Copart@1,Volkswagen
14142@gmail.com,Copart@1,Ford
14143@gmail.com,Copart@1,Hyundai
14144@gmail.com,Copart@1,Renault
14145@gmail.com,Copart@1,Toyota
14146@gmail.com,Copart@1,Honda
14147@gmail.com,Copart@1,Fiat
14148@gmail.com,Copart@1,Volkswagen
14149@gmail.com,Copart@1,Ford
14150@gmail.com,Copart@1,Hyundai
14151@gmail.com,Copart@1,Renault
14152@gmail.com,Copart@1,Toyota
14153@gmail.com,Copart@1,Honda
14154@gmail.com,Copart@1,Fiat
14155@gmail.com,Copart@1,Volkswagen
14156@gmail.com,Copart@1,Ford
14157@gmail.com,Copart@1,Hyundai
14158@gmail.com,Copart@1,Renault
14159@gmail.com,Copart@1,Toyota
14160@gmail.com,Copart@1,Honda
14161@gmail.com,Copart@1,Fiat
14162@gmail.com,Copart@1,Volkswagen
14163@gmail.com,Copart@1,Ford
14164@gmail.com,Copart@1,Hyundai
14165@gmail.com,Copart@1,Renault
14166@gmail.com,Copart@1,Toyota
14167@gmail.com,Copart@1,Honda
14168@gmail.com,Copart@1,Fiat
14169@gmail.com,Copart@1,Volkswagen
14170@gmail.com,Copart@1,Ford
14171@gmail.com,Copart@1,Hyundai
14172@gmail.com,Copart@1,Renault
14173@gmail.com,Copart@1,Toyota
14174@gmail.com,Copart@1,Honda
14175@gmail.com,Copart@1,Fiat
14176@gmail.com,Copart@1,Volkswagen
14177@gmail.com,Copart@1,Ford
14178@gmail.com,Copart@1,Hyundai
14179@gmail.com,Copart@1,Renault
14180@gmail.com,Copart@1,Toyota
14181@gmail.com,Copart@1,Honda
14182@gmail.com,Copart@1,Fiat
14183@gmail.com,Copart@1,Volkswagen
14184@gmail.com,Copart@1,Ford
14185@gmail.com,Copart@1,Hyundai
14186@gmail.com,Copart@1,Renault
14187@gmail.com,Copart@1,Toyota
14188@gmail.com,Copart@1,Honda
14189@gmail.com,Copart@1,Fiat
14190@gmail.com,Copart@1,Volkswagen
14191@gmail.com,Copart@1,Ford
14192@gmail.com,Copart@1,Hyundai
14193@gmail.com,Copart@1,Renault
14194@gmail.com,Copart@1,Toyota
14195@gmail.com,Copart@1,Honda
14196@gmail.com,Copart@1,Fiat
14197@gmail.com,Copart@1,Volkswagen
14198@gmail.com,Copart@1,Ford
14199@gmail.com,Copart@1,Hyundai
14200@gmail.com,Copart@1,Renault
14201@gmail.com,Copart@1,Toyota
14202@gmail.com,Copart@1,Honda
14203@gmail.com,Copart@1,Fiat
14204@gmail.com,Copart@1,Volkswagen
14205@gmail.com,Copart@1,Ford
14206@gmail.com,Copart@1,Hyundai
14207@gmail.com,Copart@1,Renault
14208@gmail.com,Copart@1,Toyota
14209@gmail.com,Copart@1,Honda
14210@gmail.com,Copart@1,Fiat
14211@gmail.com,Copart@1,Volkswagen
14212@gmail.com,Copart@1,Ford
14213@gmail.com,Copart@1,Hyundai
14214@gmail.com,Copart@1,Renault
14215@gmail.com,Copart@1,Toyota
14216@gmail.com,Copart@1,Honda
14217@gmail.com,Copart@1,Fiat
14218@gmail.com,Copart@1,Volkswagen
14219@gmail.com,Copart@1,Ford
14220@gmail.com,Copart@1,Hyundai
14221@gmail.com,Copart@1,Renault
14222@gmail.com,Copart@1,Toyota
14223@gmail.com,Copart@1,Honda
14224@gmail.com,Copart@1,Fiat
14225@gmail.com,Copart@1,Volkswagen
14226@gmail.com,Copart@1,Ford
14227@gmail.com,Copart@1,Hyundai
14228@gmail.com,Copart@1,Renault
14229@gmail.com,Copart@1,Toyota
14230@gmail.com,Copart@1,Honda
14231@gmail.com,Copart@1,Fiat
14232@gmail.com,Copart@1,Volkswagen
14233@gmail.com,Copart@1,Ford
14234@gmail.com,Copart@1,Hyundai
14235@gmail.com,Copart@1,Renault
14236@gmail.com,Copart@1,Toyota
14237@gmail.com,Copart@1,Honda
14238@gmail.com,Copart@1,Fiat
14239@gmail.com,Copart@1,Volkswagen
14240@gmail.com,Copart@1,Ford
14241@gmail.com,Copart@1,Hyundai
14242@gmail.com,Copart@1,Renault
14243@gmail.com,Copart@1,Toyota
14244@gmail.com,Copart@1,Honda
14245@gmail.com,Copart@1,Fiat
14246@gmail.com,Copart@1,Volkswagen
14247@gmail.com,Copart@1,Ford
14248@gmail.com,Copart@1,Hyundai
14249@gmail.com,Copart@1,Renault
14250@gmail.com,Copart@1,Toyota
14251@gmail.com,Copart@1,Honda
14252@gmail.com,Copart@1,Fiat
14253@gmail.com,Copart@1,Volkswagen
14254@gmail.com,Copart@1,Ford
14255@gmail.com,Copart@1,Hyundai
14256@gmail.com,Copart@1,Renault
14257@gmail.com,Copart@1,Toyota
14258@gmail.com,Copart@1,Honda
14259@gmail.com,Copart@1,Fiat
14260@gmail.com,Copart@1,Volkswagen
14261@gmail.com,Copart@1,Ford
14262@gmail.com,Copart@1,Hyundai
14263@gmail.com,Copart@1,Renault
14264@gmail.com,Copart@1,Toyota
14265@gmail.com,Copart@1,Honda
14266@gmail.com,Copart@1,Fiat
14267@gmail.com,Copart@1,Volkswagen
14268@gmail.com,Copart@1,Ford
14269@gmail.com,Copart@1,Hyundai
14270@gmail.com,Copart@1,Renault
14271@gmail.com,Copart@1,Toyota
14272@gmail.com,Copart@1,Honda
14273@gmail.com,Copart@1,Fiat
14274@gmail.com,Copart@1,Volkswagen
14275@gmail.com,Copart@1,Ford
14276@gmail.com,Copart@1,Hyundai
14277@gmail.com,Copart@1,Renault
14278@gmail.com,Copart@1,Toyota
14279@gmail.com,Copart@1,Honda
14280@gmail.com,Copart@1,Fiat
14281@gmail.com,Copart@1,Volkswagen
14282@gmail.com,Copart@1,Ford
14283@gmail.com,Copart@1,Hyundai
14284@gmail.com,Copart@1,Renault
14285@gmail.com,Copart@1,Toyota
14286@gmail.com,Copart@1,Honda
14287@gmail.com,Copart@1,Fiat
14288@gmail.com,Copart@1,Volkswagen
14289@gmail.com,Copart@1,Ford
14290@gmail.com,Copart@1,Hyundai
14291@gmail.com,Copart@1,Renault
14292@gmail.com,Copart@1,Toyota
14293@gmail.com,Copart@1,Honda
14294@gmail.com,Copart@1,Fiat
14295@gmail.com,Copart@1,Volkswagen
14296@gmail.com,Copart@1,Ford
14297@gmail.com,Copart@1,Hyundai
14298@gmail.com,Copart@1,Renault
14299@gmail.com,Copart@1,Toyota
14300@gmail.com,Copart@1,Honda
14301@gmail.com,Copart@1,Fiat
14302@gmail.com,Copart@1,Volkswagen
14303@gmail.com,Copart@1,Ford
14304@gmail.com,Copart@1,Hyundai
14305@gmail.com,Copart@1,Renault
14306@gmail.com,Copart@1,Toyota
14307@gmail.com,Copart@1,Honda
14308@gmail.com,Copart@1,Fiat
14309@gmail.com,Copart@1,Volkswagen
14310@gmail.com,Copart@1,Ford
14311@gmail.com,Copart@1,Hyundai
14312@gmail.com,Copart@1,Renault
14313@gmail.com,Copart@1,Toyota
14314@gmail.com,Copart@1,Honda
14315@gmail.com,Copart@1,Fiat
14316@gmail.com,Copart@1,Volkswagen
14317@gmail.com,Copart@1,Ford
14318@gmail.com,Copart@1,Hyundai
14319@gmail.com,Copart@1,Renault
14320@gmail.com,Copart@1,Toyota
14321@gmail.com,Copart@1,Honda
14322@gmail.com,Copart@1,Fiat
14323@gmail.com,Copart@1,Volkswagen
14324@gmail.com,Copart@1,Ford
14325@gmail.com,Copart@1,Hyundai
14326@gmail.com,Copart@1,Renault
14327@gmail.com,Copart@1,Toyota
14328@gmail.com,Copart@1,Honda
14329@gmail.com,Copart@1,Fiat
14330@gmail.com,Copart@1,Volkswagen
14331@gmail.com,Copart@1,Ford
14332@gmail.com,Copart@1,Hyundai
14333@gmail.com,Copart@1,Renault
14334@gmail.com,Copart@1,Toyota
14335@gmail.com,Copart@1,Honda
14336@gmail.com,Copart@1,Fiat
14337@gmail.com,Copart@1,Volkswagen
14338@gmail.com,Copart@1,Ford
14339@gmail.com,Copart@1,Hyundai
14340@gmail.com,Copart@1,Renault
14341@gmail.com,Copart@1,Toyota
14342@gmail.com,Copart@1,Honda
14343@gmail.com,Copart@1,Fiat
14344@gmail.com,Copart@1,Volkswagen
14345@gmail.com,Copart@1,Ford
14346@gmail.com,Copart@1,Hyundai
14347@gmail.com,Copart@1,Renault
14348@gmail.com,Copart@1,Toyota
14349@gmail.com,Copart@1,Honda
14350@gmail.com,Copart@1,Fiat
14351@gmail.com,Copart@1,Volkswagen
14352@gmail.com,Copart@1,Ford
14353@gmail.com,Copart@1,Hyundai
14354@gmail.com,Copart@1,Renault
14355@gmail.com,Copart@1,Toyota
14356@gmail.com,Copart@1,Honda
14357@gmail.com,Copart@1,Fiat
14358@gmail.com,Copart@1,Volkswagen
14359@gmail.com,Copart@1,Ford
14360@gmail.com,Copart@1,Hyundai
14361@gmail.com,Copart@1,Renault
14362@gmail.com,Copart@1,Toyota
14363@gmail.com,Copart@1,Honda
14364@gmail.com,Copart@1,Fiat
14365@gmail.com,Copart@1,Volkswagen
14366@gmail.com,Copart@1,Ford
14367@gmail.com,Copart@1,Hyundai
14368@gmail.com,Copart@1,Renault
14369@gmail.com,Copart@1,Toyota
14370@gmail.com,Copart@1,Honda
14371@gmail.com,Copart@1,Fiat
14372@gmail.com,Copart@1,Volkswagen
14373@gmail.com,Copart@1,Ford
14374@gmail.com,Copart@1,Hyundai
14375@gmail.com,Copart@1,Renault
14376@gmail.com,Copart@1,Toyota
14377@gmail.com,Copart@1,Honda
14378@gmail.com,Copart@1,Fiat
14379@gmail.com,Copart@1,Volkswagen
14380@gmail.com,Copart@1,Ford
14381@gmail.com,Copart@1,Hyundai
14382@gmail.com,Copart@1,Renault
14383@gmail.com,Copart@1,Toyota
14384@gmail.com,Copart@1,Honda
14385@gmail.com,Copart@1,Fiat
14386@gmail.com,Copart@1,Volkswagen
14387@gmail.com,Copart@1,Ford
14388@gmail.com,Copart@1,Hyundai
14389@gmail.com,Copart@1,Renault
14390@gmail.com,Copart@1,Toyota
14391@gmail.com,Copart@1,Honda
14392@gmail.com,Copart@1,Fiat
14393@gmail.com,Copart@1,Volkswagen
14394@gmail.com,Copart@1,Ford
14395@gmail.com,Copart@1,Hyundai
14396@gmail.com,Copart@1,Renault
14397@gmail.com,Copart@1,Toyota
14398@gmail.com,Copart@1,Honda
14399@gmail.com,Copart@1,Fiat
14400@gmail.com,Copart@1,Volkswagen
14401@gmail.com,Copart@1,Ford
14402@gmail.com,Copart@1,Hyundai
14403@gmail.com,Copart@1,Renault
14404@gmail.com,Copart@1,Toyota
14405@gmail.com,Copart@1,Honda
14406@gmail.com,Copart@1,Fiat
14407@gmail.com,Copart@1,Volkswagen
14408@gmail.com,Copart@1,Ford
14409@gmail.com,Copart@1,Hyundai
14410@gmail.com,Copart@1,Renault
14411@gmail.com,Copart@1,Toyota
14412@gmail.com,Copart@1,Honda
14413@gmail.com,Copart@1,Fiat
14414@gmail.com,Copart@1,Volkswagen
14415@gmail.com,Copart@1,Ford
14416@gmail.com,Copart@1,Hyundai
14417@gmail.com,Copart@1,Renault
14418@gmail.com,Copart@1,Toyota
14419@gmail.com,Copart@1,Honda
14420@gmail.com,Copart@1,Fiat
14421@gmail.com,Copart@1,Volkswagen
14422@gmail.com,Copart@1,Ford
14423@gmail.com,Copart@1,Hyundai
14424@gmail.com,Copart@1,Renault
14425@gmail.com,Copart@1,Toyota
14426@gmail.com,Copart@1,Honda
14427@gmail.com,Copart@1,Fiat
14428@gmail.com,Copart@1,Volkswagen
14429@gmail.com,Copart@1,Ford
14430@gmail.com,Copart@1,Hyundai
14431@gmail.com,Copart@1,Renault
14432@gmail.com,Copart@1,Toyota
14433@gmail.com,Copart@1,Honda
14434@gmail.com,Copart@1,Fiat
14435@gmail.com,Copart@1,Volkswagen
14436@gmail.com,Copart@1,Ford
14437@gmail.com,Copart@1,Hyundai
14438@gmail.com,Copart@1,Renault
14439@gmail.com,Copart@1,Toyota
14440@gmail.com,Copart@1,Honda
14441@gmail.com,Copart@1,Fiat
14442@gmail.com,Copart@1,Volkswagen
14443@gmail.com,Copart@1,Ford
14444@gmail.com,Copart@1,Hyundai
14445@gmail.com,Copart@1,Renault
14446@gmail.com,Copart@1,Toyota
14447@gmail.com,Copart@1,Honda
14448@gmail.com,Copart@1,Fiat
14449@gmail.com,Copart@1,Volkswagen
14450@gmail.com,Copart@1,Ford
14451@gmail.com,Copart@1,Hyundai
14452@gmail.com,Copart@1,Renault
14453@gmail.com,Copart@1,Toyota
14454@gmail.com,Copart@1,Honda
14455@gmail.com,Copart@1,Fiat
14456@gmail.com,Copart@1,Volkswagen
14457@gmail.com,Copart@1,Ford
14458@gmail.com,Copart@1,Hyundai
14459@gmail.com,Copart@1,Renault
14460@gmail.com,Copart@1,Toyota
14461@gmail.com,Copart@1,Honda
14462@gmail.com,Copart@1,Fiat
14463@gmail.com,Copart@1,Volkswagen
14464@gmail.com,Copart@1,Ford
14465@gmail.com,Copart@1,Hyundai
14466@gmail.com,Copart@1,Renault
14467@gmail.com,Copart@1,Toyota
14468@gmail.com,Copart@1,Honda
14469@gmail.com,Copart@1,Fiat
14470@gmail.com,Copart@1,Volkswagen
14471@gmail.com,Copart@1,Ford
14472@gmail.com,Copart@1,Hyundai
14473@gmail.com,Copart@1,Renault
14474@gmail.com,Copart@1,Toyota
14475@gmail.com,Copart@1,Honda
14476@gmail.com,Copart@1,Fiat
14477@gmail.com,Copart@1,Volkswagen
14478@gmail.com,Copart@1,Ford
14479@gmail.com,Copart@1,Hyundai
14480@gmail.com,Copart@1,Renault
14481@gmail.com,Copart@1,Toyota
14482@gmail.com,Copart@1,Honda
14483@gmail.com,Copart@1,Fiat
14484@gmail.com,Copart@1,Volkswagen
14485@gmail.com,Copart@1,Ford
14486@gmail.com,Copart@1,Hyundai
14487@gmail.com,Copart@1,Renault
14488@gmail.com,Copart@1,Toyota
14489@gmail.com,Copart@1,Honda
14490@gmail.com,Copart@1,Fiat
14491@gmail.com,Copart@1,Volkswagen
14492@gmail.com,Copart@1,Ford
14493@gmail.com,Copart@1,Hyundai
14494@gmail.com,Copart@1,Renault
14495@gmail.com,Copart@1,Toyota
14496@gmail.com,Copart@1,Honda
14497@gmail.com,Copart@1,Fiat
14498@gmail.com,Copart@1,Volkswagen
14499@gmail.com,Copart@1,Ford
14500@gmail.com,Copart@1,Hyundai
14501@gmail.com,Copart@1,Renault
14502@gmail.com,Copart@1,Toyota
14503@gmail.com,Copart@1,Honda
14504@gmail.com,Copart@1,Fiat
14505@gmail.com,Copart@1,Volkswagen
14506@gmail.com,Copart@1,Ford
14507@gmail.com,Copart@1,Hyundai
14508@gmail.com,Copart@1,Renault
14509@gmail.com,Copart@1,Toyota
14510@gmail.com,Copart@1,Honda
14511@gmail.com,Copart@1,Fiat
14512@gmail.com,Copart@1,Volkswagen
14513@gmail.com,Copart@1,Ford
14514@gmail.com,Copart@1,Hyundai
14515@gmail.com,Copart@1,Renault
14516@gmail.com,Copart@1,Toyota
14517@gmail.com,Copart@1,Honda
14518@gmail.com,Copart@1,Fiat
14519@gmail.com,Copart@1,Volkswagen
14520@gmail.com,Copart@1,Ford
14521@gmail.com,Copart@1,Hyundai
14522@gmail.com,Copart@1,Renault
14523@gmail.com,Copart@1,Toyota
14524@gmail.com,Copart@1,Honda
14525@gmail.com,Copart@1,Fiat
14526@gmail.com,Copart@1,Volkswagen
14527@gmail.com,Copart@1,Ford
14528@gmail.com,Copart@1,Hyundai
14529@gmail.com,Copart@1,Renault
14530@gmail.com,Copart@1,Toyota
14531@gmail.com,Copart@1,Honda
14532@gmail.com,Copart@1,Fiat
14533@gmail.com,Copart@1,Volkswagen
14534@gmail.com,Copart@1,Ford
14535@gmail.com,Copart@1,Hyundai
14536@gmail.com,Copart@1,Renault
14537@gmail.com,Copart@1,Toyota
14538@gmail.com,Copart@1,Honda
14539@gmail.com,Copart@1,Fiat
14540@gmail.com,Copart@1,Volkswagen
14541@gmail.com,Copart@1,Ford
14542@gmail.com,Copart@1,Hyundai
14543@gmail.com,Copart@1,Renault
14544@gmail.com,Copart@1,Toyota
14545@gmail.com,Copart@1,Honda
14546@gmail.com,Copart@1,Fiat
14547@gmail.com,Copart@1,Volkswagen
14548@gmail.com,Copart@1,Ford
14549@gmail.com,Copart@1,Hyundai
14550@gmail.com,Copart@1,Renault
14551@gmail.com,Copart@1,Toyota
14552@gmail.com,Copart@1,Honda
14553@gmail.com,Copart@1,Fiat
14554@gmail.com,Copart@1,Volkswagen
14555@gmail.com,Copart@1,Ford
14556@gmail.com,Copart@1,Hyundai
14557@gmail.com,Copart@1,Renault
14558@gmail.com,Copart@1,Toyota
14559@gmail.com,Copart@1,Honda
14560@gmail.com,Copart@1,Fiat
14561@gmail.com,Copart@1,Volkswagen
14562@gmail.com,Copart@1,Ford
14563@gmail.com,Copart@1,Hyundai
14564@gmail.com,Copart@1,Renault
14565@gmail.com,Copart@1,Toyota
14566@gmail.com,Copart@1,Honda
14567@gmail.com,Copart@1,Fiat
14568@gmail.com,Copart@1,Volkswagen
14569@gmail.com,Copart@1,Ford
14570@gmail.com,Copart@1,Hyundai
14571@gmail.com,Copart@1,Renault
14572@gmail.com,Copart@1,Toyota
14573@gmail.com,Copart@1,Honda
14574@gmail.com,Copart@1,Fiat
14575@gmail.com,Copart@1,Volkswagen
14576@gmail.com,Copart@1,Ford
14577@gmail.com,Copart@1,Hyundai
14578@gmail.com,Copart@1,Renault
14579@gmail.com,Copart@1,Toyota
14580@gmail.com,Copart@1,Honda
14581@gmail.com,Copart@1,Fiat
14582@gmail.com,Copart@1,Volkswagen
14583@gmail.com,Copart@1,Ford
14584@gmail.com,Copart@1,Hyundai
14585@gmail.com,Copart@1,Renault
14586@gmail.com,Copart@1,Toyota
14587@gmail.com,Copart@1,Honda
14588@gmail.com,Copart@1,Fiat
14589@gmail.com,Copart@1,Volkswagen
14590@gmail.com,Copart@1,Ford
14591@gmail.com,Copart@1,Hyundai
14592@gmail.com,Copart@1,Renault
14593@gmail.com,Copart@1,Toyota
14594@gmail.com,Copart@1,Honda
14595@gmail.com,Copart@1,Fiat
14596@gmail.com,Copart@1,Volkswagen
14597@gmail.com,Copart@1,Ford
14598@gmail.com,Copart@1,Hyundai
14599@gmail.com,Copart@1,Renault
14600@gmail.com,Copart@1,Toyota
14601@gmail.com,Copart@1,Honda
14602@gmail.com,Copart@1,Fiat
14603@gmail.com,Copart@1,Volkswagen
14604@gmail.com,Copart@1,Ford
14605@gmail.com,Copart@1,Hyundai
14606@gmail.com,Copart@1,Renault
14607@gmail.com,Copart@1,Toyota
14608@gmail.com,Copart@1,Honda
14609@gmail.com,Copart@1,Fiat
14610@gmail.com,Copart@1,Volkswagen
14611@gmail.com,Copart@1,Ford
14612@gmail.com,Copart@1,Hyundai
14613@gmail.com,Copart@1,Renault
14614@gmail.com,Copart@1,Toyota
14615@gmail.com,Copart@1,Honda
14616@gmail.com,Copart@1,Fiat
14617@gmail.com,Copart@1,Volkswagen
14618@gmail.com,Copart@1,Ford
14619@gmail.com,Copart@1,Hyundai
14620@gmail.com,Copart@1,Renault
14621@gmail.com,Copart@1,Toyota
14622@gmail.com,Copart@1,Honda
14623@gmail.com,Copart@1,Fiat
14624@gmail.com,Copart@1,Volkswagen
14625@gmail.com,Copart@1,Ford
14626@gmail.com,Copart@1,Hyundai
14627@gmail.com,Copart@1,Renault
14628@gmail.com,Copart@1,Toyota
14629@gmail.com,Copart@1,Honda
14630@gmail.com,Copart@1,Fiat
14631@gmail.com,Copart@1,Volkswagen
14632@gmail.com,Copart@1,Ford
14633@gmail.com,Copart@1,Hyundai
14634@gmail.com,Copart@1,Renault
14635@gmail.com,Copart@1,Toyota
14636@gmail.com,Copart@1,Honda
14637@gmail.com,Copart@1,Fiat
14638@gmail.com,Copart@1,Volkswagen
14639@gmail.com,Copart@1,Ford
14640@gmail.com,Copart@1,Hyundai
14641@gmail.com,Copart@1,Renault
14642@gmail.com,Copart@1,Toyota
14643@gmail.com,Copart@1,Honda
14644@gmail.com,Copart@1,Fiat
14645@gmail.com,Copart@1,Volkswagen
14646@gmail.com,Copart@1,Ford
14647@gmail.com,Copart@1,Hyundai
14648@gmail.com,Copart@1,Renault
14649@gmail.com,Copart@1,Toyota
14650@gmail.com,Copart@1,Honda
14651@gmail.com,Copart@1,Fiat
14652@gmail.com,Copart@1,Volkswagen
14653@gmail.com,Copart@1,Ford
14654@gmail.com,Copart@1,Hyundai
14655@gmail.com,Copart@1,Renault
14656@gmail.com,Copart@1,Toyota
14657@gmail.com,Copart@1,Honda
14658@gmail.com,Copart@1,Fiat
14659@gmail.com,Copart@1,Volkswagen
14660@gmail.com,Copart@1,Ford
14661@gmail.com,Copart@1,Hyundai
14662@gmail.com,Copart@1,Renault
14663@gmail.com,Copart@1,Toyota
14664@gmail.com,Copart@1,Honda
14665@gmail.com,Copart@1,Fiat
14666@gmail.com,Copart@1,Volkswagen
14667@gmail.com,Copart@1,Ford
14668@gmail.com,Copart@1,Hyundai
14669@gmail.com,Copart@1,Renault
14670@gmail.com,Copart@1,Toyota
14671@gmail.com,Copart@1,Honda
14672@gmail.com,Copart@1,Fiat
14673@gmail.com,Copart@1,Volkswagen
14674@gmail.com,Copart@1,Ford
14675@gmail.com,Copart@1,Hyundai
14676@gmail.com,Copart@1,Renault
14677@gmail.com,Copart@1,Toyota
14678@gmail.com,Copart@1,Honda
14679@gmail.com,Copart@1,Fiat
14680@gmail.com,Copart@1,Volkswagen
14681@gmail.com,Copart@1,Ford
14682@gmail.com,Copart@1,Hyundai
14683@gmail.com,Copart@1,Renault
14684@gmail.com,Copart@1,Toyota
14685@gmail.com,Copart@1,Honda
14686@gmail.com,Copart@1,Fiat
14687@gmail.com,Copart@1,Volkswagen
14688@gmail.com,Copart@1,Ford
14689@gmail.com,Copart@1,Hyundai
14690@gmail.com,Copart@1,Renault
14691@gmail.com,Copart@1,Toyota
14692@gmail.com,Copart@1,Honda
14693@gmail.com,Copart@1,Fiat
14694@gmail.com,Copart@1,Volkswagen
14695@gmail.com,Copart@1,Ford
14696@gmail.com,Copart@1,Hyundai
14697@gmail.com,Copart@1,Renault
14698@gmail.com,Copart@1,Toyota
14699@gmail.com,Copart@1,Honda
14700@gmail.com,Copart@1,Fiat
14701@gmail.com,Copart@1,Volkswagen
14702@gmail.com,Copart@1,Ford
14703@gmail.com,Copart@1,Hyundai
14704@gmail.com,Copart@1,Renault
14705@gmail.com,Copart@1,Toyota
14706@gmail.com,Copart@1,Honda
14707@gmail.com,Copart@1,Fiat
14708@gmail.com,Copart@1,Volkswagen
14709@gmail.com,Copart@1,Ford
14710@gmail.com,Copart@1,Hyundai
14711@gmail.com,Copart@1,Renault
14712@gmail.com,Copart@1,Toyota
14713@gmail.com,Copart@1,Honda
14714@gmail.com,Copart@1,Fiat
14715@gmail.com,Copart@1,Volkswagen
14716@gmail.com,Copart@1,Ford
14717@gmail.com,Copart@1,Hyundai
14718@gmail.com,Copart@1,Renault
14719@gmail.com,Copart@1,Toyota
14720@gmail.com,Copart@1,Honda
14721@gmail.com,Copart@1,Fiat
14722@gmail.com,Copart@1,Volkswagen
14723@gmail.com,Copart@1,Ford
14724@gmail.com,Copart@1,Hyundai
14725@gmail.com,Copart@1,Renault
14726@gmail.com,Copart@1,Toyota
14727@gmail.com,Copart@1,Honda
14728@gmail.com,Copart@1,Fiat
14729@gmail.com,Copart@1,Volkswagen
14730@gmail.com,Copart@1,Ford
14731@gmail.com,Copart@1,Hyundai
14732@gmail.com,Copart@1,Renault
14733@gmail.com,Copart@1,Toyota
14734@gmail.com,Copart@1,Honda
14735@gmail.com,Copart@1,Fiat
14736@gmail.com,Copart@1,Volkswagen
14737@gmail.com,Copart@1,Ford
14738@gmail.com,Copart@1,Hyundai
14739@gmail.com,Copart@1,Renault
14740@gmail.com,Copart@1,Toyota
14741@gmail.com,Copart@1,Honda
14742@gmail.com,Copart@1,Fiat
14743@gmail.com,Copart@1,Volkswagen
14744@gmail.com,Copart@1,Ford
14745@gmail.com,Copart@1,Hyundai
14746@gmail.com,Copart@1,Renault
14747@gmail.com,Copart@1,Toyota
14748@gmail.com,Copart@1,Honda
14749@gmail.com,Copart@1,Fiat
14750@gmail.com,Copart@1,Volkswagen
14751@gmail.com,Copart@1,Ford
14752@gmail.com,Copart@1,Hyundai
14753@gmail.com,Copart@1,Renault
14754@gmail.com,Copart@1,Toyota
14755@gmail.com,Copart@1,Honda
14756@gmail.com,Copart@1,Fiat
14757@gmail.com,Copart@1,Volkswagen
14758@gmail.com,Copart@1,Ford
14759@gmail.com,Copart@1,Hyundai
14760@gmail.com,Copart@1,Renault
14761@gmail.com,Copart@1,Toyota
14762@gmail.com,Copart@1,Honda
14763@gmail.com,Copart@1,Fiat
14764@gmail.com,Copart@1,Volkswagen
14765@gmail.com,Copart@1,Ford
14766@gmail.com,Copart@1,Hyundai
14767@gmail.com,Copart@1,Renault
14768@gmail.com,Copart@1,Toyota
14769@gmail.com,Copart@1,Honda
14770@gmail.com,Copart@1,Fiat
14771@gmail.com,Copart@1,Volkswagen
14772@gmail.com,Copart@1,Ford
14773@gmail.com,Copart@1,Hyundai
14774@gmail.com,Copart@1,Renault
14775@gmail.com,Copart@1,Toyota
14776@gmail.com,Copart@1,Honda
14777@gmail.com,Copart@1,Fiat
14778@gmail.com,Copart@1,Volkswagen
14779@gmail.com,Copart@1,Ford
14780@gmail.com,Copart@1,Hyundai
14781@gmail.com,Copart@1,Renault
14782@gmail.com,Copart@1,Toyota
14783@gmail.com,Copart@1,Honda
14784@gmail.com,Copart@1,Fiat
14785@gmail.com,Copart@1,Volkswagen
14786@gmail.com,Copart@1,Ford
14787@gmail.com,Copart@1,Hyundai
14788@gmail.com,Copart@1,Renault
14789@gmail.com,Copart@1,Toyota
14790@gmail.com,Copart@1,Honda
14791@gmail.com,Copart@1,Fiat
14792@gmail.com,Copart@1,Volkswagen
14793@gmail.com,Copart@1,Ford
14794@gmail.com,Copart@1,Hyundai
14795@gmail.com,Copart@1,Renault
14796@gmail.com,Copart@1,Toyota
14797@gmail.com,Copart@1,Honda
14798@gmail.com,Copart@1,Fiat
14799@gmail.com,Copart@1,Volkswagen
14800@gmail.com,Copart@1,Ford
14801@gmail.com,Copart@1,Hyundai
14802@gmail.com,Copart@1,Renault
14803@gmail.com,Copart@1,Toyota
14804@gmail.com,Copart@1,Honda
14805@gmail.com,Copart@1,Fiat
14806@gmail.com,Copart@1,Volkswagen
14807@gmail.com,Copart@1,Ford
14808@gmail.com,Copart@1,Hyundai
14809@gmail.com,Copart@1,Renault
14810@gmail.com,Copart@1,Toyota
14811@gmail.com,Copart@1,Honda
14812@gmail.com,Copart@1,Fiat
14813@gmail.com,Copart@1,Volkswagen
14814@gmail.com,Copart@1,Ford
14815@gmail.com,Copart@1,Hyundai
14816@gmail.com,Copart@1,Renault
14817@gmail.com,Copart@1,Toyota
14818@gmail.com,Copart@1,Honda
14819@gmail.com,Copart@1,Fiat
14820@gmail.com,Copart@1,Volkswagen
14821@gmail.com,Copart@1,Ford
14822@gmail.com,Copart@1,Hyundai
14823@gmail.com,Copart@1,Renault
14824@gmail.com,Copart@1,Toyota
14825@gmail.com,Copart@1,Honda
14826@gmail.com,Copart@1,Fiat
14827@gmail.com,Copart@1,Volkswagen
14828@gmail.com,Copart@1,Ford
14829@gmail.com,Copart@1,Hyundai
14830@gmail.com,Copart@1,Renault
14831@gmail.com,Copart@1,Toyota
14832@gmail.com,Copart@1,Honda
14833@gmail.com,Copart@1,Fiat
14834@gmail.com,Copart@1,Volkswagen
14835@gmail.com,Copart@1,Ford
14836@gmail.com,Copart@1,Hyundai
14837@gmail.com,Copart@1,Renault
14838@gmail.com,Copart@1,Toyota
14839@gmail.com,Copart@1,Honda
14840@gmail.com,Copart@1,Fiat
14841@gmail.com,Copart@1,Volkswagen
14842@gmail.com,Copart@1,Ford
14843@gmail.com,Copart@1,Hyundai
14844@gmail.com,Copart@1,Renault
14845@gmail.com,Copart@1,Toyota
14846@gmail.com,Copart@1,Honda
14847@gmail.com,Copart@1,Fiat
14848@gmail.com,Copart@1,Volkswagen
14849@gmail.com,Copart@1,Ford
14850@gmail.com,Copart@1,Hyundai
14851@gmail.com,Copart@1,Renault
14852@gmail.com,Copart@1,Toyota
14853@gmail.com,Copart@1,Honda
14854@gmail.com,Copart@1,Fiat
14855@gmail.com,Copart@1,Volkswagen
14856@gmail.com,Copart@1,Ford
14857@gmail.com,Copart@1,Hyundai
14858@gmail.com,Copart@1,Renault
14859@gmail.com,Copart@1,Toyota
14860@gmail.com,Copart@1,Honda
14861@gmail.com,Copart@1,Fiat
14862@gmail.com,Copart@1,Volkswagen
14863@gmail.com,Copart@1,Ford
14864@gmail.com,Copart@1,Hyundai
14865@gmail.com,Copart@1,Renault
14866@gmail.com,Copart@1,Toyota
14867@gmail.com,Copart@1,Honda
14868@gmail.com,Copart@1,Fiat
14869@gmail.com,Copart@1,Volkswagen
14870@gmail.com,Copart@1,Ford
14871@gmail.com,Copart@1,Hyundai
14872@gmail.com,Copart@1,Renault
14873@gmail.com,Copart@1,Toyota
14874@gmail.com,Copart@1,Honda
14875@gmail.com,Copart@1,Fiat
14876@gmail.com,Copart@1,Volkswagen
14877@gmail.com,Copart@1,Ford
14878@gmail.com,Copart@1,Hyundai
14879@gmail.com,Copart@1,Renault
14880@gmail.com,Copart@1,Toyota
14881@gmail.com,Copart@1,Honda
14882@gmail.com,Copart@1,Fiat
14883@gmail.com,Copart@1,Volkswagen
14884@gmail.com,Copart@1,Ford
14885@gmail.com,Copart@1,Hyundai
14886@gmail.com,Copart@1,Renault
14887@gmail.com,Copart@1,Toyota
14888@gmail.com,Copart@1,Honda
14889@gmail.com,Copart@1,Fiat
14890@gmail.com,Copart@1,Volkswagen
14891@gmail.com,Copart@1,Ford
14892@gmail.com,Copart@1,Hyundai
14893@gmail.com,Copart@1,Renault
14894@gmail.com,Copart@1,Toyota
14895@gmail.com,Copart@1,Honda
14896@gmail.com,Copart@1,Fiat
14897@gmail.com,Copart@1,Volkswagen
14898@gmail.com,Copart@1,Ford
14899@gmail.com,Copart@1,Hyundai
14900@gmail.com,Copart@1,Renault
14901@gmail.com,Copart@1,Toyota
14902@gmail.com,Copart@1,Honda
14903@gmail.com,Copart@1,Fiat
14904@gmail.com,Copart@1,Volkswagen
14905@gmail.com,Copart@1,Ford
14906@gmail.com,Copart@1,Hyundai
14907@gmail.com,Copart@1,Renault
14908@gmail.com,Copart@1,Toyota
14909@gmail.com,Copart@1,Honda
14910@gmail.com,Copart@1,Fiat
14911@gmail.com,Copart@1,Volkswagen
14912@gmail.com,Copart@1,Ford
14913@gmail.com,Copart@1,Hyundai
14914@gmail.com,Copart@1,Renault
14915@gmail.com,Copart@1,Toyota
14916@gmail.com,Copart@1,Honda
14917@gmail.com,Copart@1,Fiat
14918@gmail.com,Copart@1,Volkswagen
14919@gmail.com,Copart@1,Ford
14920@gmail.com,Copart@1,Hyundai
14921@gmail.com,Copart@1,Renault
14922@gmail.com,Copart@1,Toyota
14923@gmail.com,Copart@1,Honda
14924@gmail.com,Copart@1,Fiat
14925@gmail.com,Copart@1,Volkswagen
14926@gmail.com,Copart@1,Ford
14927@gmail.com,Copart@1,Hyundai
14928@gmail.com,Copart@1,Renault
14929@gmail.com,Copart@1,Toyota
14930@gmail.com,Copart@1,Honda
14931@gmail.com,Copart@1,Fiat
14932@gmail.com,Copart@1,Volkswagen
14933@gmail.com,Copart@1,Ford
14934@gmail.com,Copart@1,Hyundai
14935@gmail.com,Copart@1,Renault
14936@gmail.com,Copart@1,Toyota
14937@gmail.com,Copart@1,Honda
14938@gmail.com,Copart@1,Fiat
14939@gmail.com,Copart@1,Volkswagen
14940@gmail.com,Copart@1,Ford
14941@gmail.com,Copart@1,Hyundai
14942@gmail.com,Copart@1,Renault
14943@gmail.com,Copart@1,Toyota
14944@gmail.com,Copart@1,Honda
14945@gmail.com,Copart@1,Fiat
14946@gmail.com,Copart@1,Volkswagen
14947@gmail.com,Copart@1,Ford
14948@gmail.com,Copart@1,Hyundai
14949@gmail.com,Copart@1,Renault
14950@gmail.com,Copart@1,Toyota
14951@gmail.com,Copart@1,Honda
14952@gmail.com,Copart@1,Fiat
14953@gmail.com,Copart@1,Volkswagen
14954@gmail.com,Copart@1,Ford
14955@gmail.com,Copart@1,Hyundai
14956@gmail.com,Copart@1,Renault
14957@gmail.com,Copart@1,Toyota
14958@gmail.com,Copart@1,Honda
14959@gmail.com,Copart@1,Fiat
14960@gmail.com,Copart@1,Volkswagen
14961@gmail.com,Copart@1,Ford
14962@gmail.com,Copart@1,Hyundai
14963@gmail.com,Copart@1,Renault
14964@gmail.com,Copart@1,Toyota
14965@gmail.com,Copart@1,Honda
14966@gmail.com,Copart@1,Fiat
14967@gmail.com,Copart@1,Volkswagen
14968@gmail.com,Copart@1,Ford
14969@gmail.com,Copart@1,Hyundai
14970@gmail.com,Copart@1,Renault
14971@gmail.com,Copart@1,Toyota
14972@gmail.com,Copart@1,Honda
14973@gmail.com,Copart@1,Fiat
14974@gmail.com,Copart@1,Volkswagen
14975@gmail.com,Copart@1,Ford
14976@gmail.com,Copart@1,Hyundai
14977@gmail.com,Copart@1,Renault
14978@gmail.com,Copart@1,Toyota
14979@gmail.com,Copart@1,Honda
14980@gmail.com,Copart@1,Fiat
14981@gmail.com,Copart@1,Volkswagen
14982@gmail.com,Copart@1,Ford
14983@gmail.com,Copart@1,Hyundai
14984@gmail.com,Copart@1,Renault
14985@gmail.com,Copart@1,Toyota
14986@gmail.com,Copart@1,Honda
14987@gmail.com,Copart@1,Fiat
14988@gmail.com,Copart@1,Volkswagen
14989@gmail.com,Copart@1,Ford
14990@gmail.com,Copart@1,Hyundai
14991@gmail.com,Copart@1,Renault
14992@gmail.com,Copart@1,Toyota
14993@gmail.com,Copart@1,Honda
14994@gmail.com,Copart@1,Fiat
14995@gmail.com,Copart@1,Volkswagen
14996@gmail.com,Copart@1,Ford
14997@gmail.com,Copart@1,Hyundai
14998@gmail.com,Copart@1,Renault
14999@gmail.com,Copart@1,Toyota
15000@gmail.com,Copart@1,Honda
15001@gmail.com,Copart@1,Fiat
15002@gmail.com,Copart@1,Volkswagen
15003@gmail.com,Copart@1,Ford
15004@gmail.com,Copart@1,Hyundai
15005@gmail.com,Copart@1,Renault
15006@gmail.com,Copart@1,Toyota
15007@gmail.com,Copart@1,Honda
15008@gmail.com,Copart@1,Fiat
15009@gmail.com,Copart@1,Volkswagen
15010@gmail.com,Copart@1,Ford
15011@gmail.com,Copart@1,Hyundai
15012@gmail.com,Copart@1,Renault
15013@gmail.com,Copart@1,Toyota
15014@gmail.com,Copart@1,Honda
15015@gmail.com,Copart@1,Fiat
15016@gmail.com,Copart@1,Volkswagen
15017@gmail.com,Copart@1,Ford
15018@gmail.com,Copart@1,Hyundai
15019@gmail.com,Copart@1,Renault
15020@gmail.com,Copart@1,Toyota
15021@gmail.com,Copart@1,Honda
15022@gmail.com,Copart@1,Fiat
15023@gmail.com,Copart@1,Volkswagen
15024@gmail.com,Copart@1,Ford
15025@gmail.com,Copart@1,Hyundai
15026@gmail.com,Copart@1,Renault
15027@gmail.com,Copart@1,Toyota
15028@gmail.com,Copart@1,Honda
15029@gmail.com,Copart@1,Fiat
15030@gmail.com,Copart@1,Volkswagen
15031@gmail.com,Copart@1,Ford
15032@gmail.com,Copart@1,Hyundai
15033@gmail.com,Copart@1,Renault
15034@gmail.com,Copart@1,Toyota
15035@gmail.com,Copart@1,Honda
15036@gmail.com,Copart@1,Fiat
15037@gmail.com,Copart@1,Volkswagen
15038@gmail.com,Copart@1,Ford
15039@gmail.com,Copart@1,Hyundai
15040@gmail.com,Copart@1,Renault
15041@gmail.com,Copart@1,Toyota
15042@gmail.com,Copart@1,Honda
15043@gmail.com,Copart@1,Fiat
15044@gmail.com,Copart@1,Volkswagen
15045@gmail.com,Copart@1,Ford
15046@gmail.com,Copart@1,Hyundai
15047@gmail.com,Copart@1,Renault
15048@gmail.com,Copart@1,Toyota
15049@gmail.com,Copart@1,Honda
15050@gmail.com,Copart@1,Fiat
15051@gmail.com,Copart@1,Volkswagen
15052@gmail.com,Copart@1,Ford
15053@gmail.com,Copart@1,Hyundai
15054@gmail.com,Copart@1,Renault
15055@gmail.com,Copart@1,Toyota
15056@gmail.com,Copart@1,Honda
15057@gmail.com,Copart@1,Fiat
15058@gmail.com,Copart@1,Volkswagen
15059@gmail.com,Copart@1,Ford
15060@gmail.com,Copart@1,Hyundai
15061@gmail.com,Copart@1,Renault
15062@gmail.com,Copart@1,Toyota
15063@gmail.com,Copart@1,Honda
15064@gmail.com,Copart@1,Fiat
15065@gmail.com,Copart@1,Volkswagen
15066@gmail.com,Copart@1,Ford
15067@gmail.com,Copart@1,Hyundai
15068@gmail.com,Copart@1,Renault
15069@gmail.com,Copart@1,Toyota
15070@gmail.com,Copart@1,Honda
15071@gmail.com,Copart@1,Fiat
15072@gmail.com,Copart@1,Volkswagen
15073@gmail.com,Copart@1,Ford
15074@gmail.com,Copart@1,Hyundai
15075@gmail.com,Copart@1,Renault
15076@gmail.com,Copart@1,Toyota
15077@gmail.com,Copart@1,Honda
15078@gmail.com,Copart@1,Fiat
15079@gmail.com,Copart@1,Volkswagen
15080@gmail.com,Copart@1,Ford
15081@gmail.com,Copart@1,Hyundai
15082@gmail.com,Copart@1,Renault
15083@gmail.com,Copart@1,Toyota
15084@gmail.com,Copart@1,Honda
15085@gmail.com,Copart@1,Fiat
15086@gmail.com,Copart@1,Volkswagen
15087@gmail.com,Copart@1,Ford
15088@gmail.com,Copart@1,Hyundai
15089@gmail.com,Copart@1,Renault
15090@gmail.com,Copart@1,Toyota
15091@gmail.com,Copart@1,Honda
15092@gmail.com,Copart@1,Fiat
15093@gmail.com,Copart@1,Volkswagen
15094@gmail.com,Copart@1,Ford
15095@gmail.com,Copart@1,Hyundai
15096@gmail.com,Copart@1,Renault
15097@gmail.com,Copart@1,Toyota
15098@gmail.com,Copart@1,Honda
15099@gmail.com,Copart@1,Fiat
15100@gmail.com,Copart@1,Volkswagen
15101@gmail.com,Copart@1,Ford
15102@gmail.com,Copart@1,Hyundai
15103@gmail.com,Copart@1,Renault
15104@gmail.com,Copart@1,Toyota
15105@gmail.com,Copart@1,Honda
15106@gmail.com,Copart@1,Fiat
15107@gmail.com,Copart@1,Volkswagen
15108@gmail.com,Copart@1,Ford
15109@gmail.com,Copart@1,Hyundai
15110@gmail.com,Copart@1,Renault
15111@gmail.com,Copart@1,Toyota
15112@gmail.com,Copart@1,Honda
15113@gmail.com,Copart@1,Fiat
15114@gmail.com,Copart@1,Volkswagen
15115@gmail.com,Copart@1,Ford
15116@gmail.com,Copart@1,Hyundai
15117@gmail.com,Copart@1,Renault
15118@gmail.com,Copart@1,Toyota
15119@gmail.com,Copart@1,Honda
15120@gmail.com,Copart@1,Fiat
15121@gmail.com,Copart@1,Volkswagen
15122@gmail.com,Copart@1,Ford
15123@gmail.com,Copart@1,Hyundai
15124@gmail.com,Copart@1,Renault
15125@gmail.com,Copart@1,Toyota
15126@gmail.com,Copart@1,Honda
15127@gmail.com,Copart@1,Fiat
15128@gmail.com,Copart@1,Volkswagen
15129@gmail.com,Copart@1,Ford
15130@gmail.com,Copart@1,Hyundai
15131@gmail.com,Copart@1,Renault
15132@gmail.com,Copart@1,Toyota
15133@gmail.com,Copart@1,Honda
15134@gmail.com,Copart@1,Fiat
15135@gmail.com,Copart@1,Volkswagen
15136@gmail.com,Copart@1,Ford
15137@gmail.com,Copart@1,Hyundai
15138@gmail.com,Copart@1,Renault
15139@gmail.com,Copart@1,Toyota
15140@gmail.com,Copart@1,Honda
15141@gmail.com,Copart@1,Fiat
15142@gmail.com,Copart@1,Volkswagen
15143@gmail.com,Copart@1,Ford
15144@gmail.com,Copart@1,Hyundai
15145@gmail.com,Copart@1,Renault
15146@gmail.com,Copart@1,Toyota
15147@gmail.com,Copart@1,Honda
15148@gmail.com,Copart@1,Fiat
15149@gmail.com,Copart@1,Volkswagen
15150@gmail.com,Copart@1,Ford
15151@gmail.com,Copart@1,Hyundai
15152@gmail.com,Copart@1,Renault
15153@gmail.com,Copart@1,Toyota
15154@gmail.com,Copart@1,Honda
15155@gmail.com,Copart@1,Fiat
15156@gmail.com,Copart@1,Volkswagen
15157@gmail.com,Copart@1,Ford
15158@gmail.com,Copart@1,Hyundai
15159@gmail.com,Copart@1,Renault
15160@gmail.com,Copart@1,Toyota
15161@gmail.com,Copart@1,Honda
15162@gmail.com,Copart@1,Fiat
15163@gmail.com,Copart@1,Volkswagen
15164@gmail.com,Copart@1,Ford
15165@gmail.com,Copart@1,Hyundai
15166@gmail.com,Copart@1,Renault
15167@gmail.com,Copart@1,Toyota
15168@gmail.com,Copart@1,Honda
15169@gmail.com,Copart@1,Fiat
15170@gmail.com,Copart@1,Volkswagen
15171@gmail.com,Copart@1,Ford
15172@gmail.com,Copart@1,Hyundai
15173@gmail.com,Copart@1,Renault
15174@gmail.com,Copart@1,Toyota
15175@gmail.com,Copart@1,Honda
15176@gmail.com,Copart@1,Fiat
15177@gmail.com,Copart@1,Volkswagen
15178@gmail.com,Copart@1,Ford
15179@gmail.com,Copart@1,Hyundai
15180@gmail.com,Copart@1,Renault
15181@gmail.com,Copart@1,Toyota
15182@gmail.com,Copart@1,Honda
15183@gmail.com,Copart@1,Fiat
15184@gmail.com,Copart@1,Volkswagen
15185@gmail.com,Copart@1,Ford
15186@gmail.com,Copart@1,Hyundai
15187@gmail.com,Copart@1,Renault
15188@gmail.com,Copart@1,Toyota
15189@gmail.com,Copart@1,Honda
15190@gmail.com,Copart@1,Fiat
15191@gmail.com,Copart@1,Volkswagen
15192@gmail.com,Copart@1,Ford
15193@gmail.com,Copart@1,Hyundai
15194@gmail.com,Copart@1,Renault
15195@gmail.com,Copart@1,Toyota
15196@gmail.com,Copart@1,Honda
15197@gmail.com,Copart@1,Fiat
15198@gmail.com,Copart@1,Volkswagen
15199@gmail.com,Copart@1,Ford
15200@gmail.com,Copart@1,Hyundai
15201@gmail.com,Copart@1,Renault
15202@gmail.com,Copart@1,Toyota
15203@gmail.com,Copart@1,Honda
15204@gmail.com,Copart@1,Fiat
15205@gmail.com,Copart@1,Volkswagen
15206@gmail.com,Copart@1,Ford
15207@gmail.com,Copart@1,Hyundai
15208@gmail.com,Copart@1,Renault
15209@gmail.com,Copart@1,Toyota
15210@gmail.com,Copart@1,Honda
15211@gmail.com,Copart@1,Fiat
15212@gmail.com,Copart@1,Volkswagen
15213@gmail.com,Copart@1,Ford
15214@gmail.com,Copart@1,Hyundai
15215@gmail.com,Copart@1,Renault
15216@gmail.com,Copart@1,Toyota
15217@gmail.com,Copart@1,Honda
15218@gmail.com,Copart@1,Fiat
15219@gmail.com,Copart@1,Volkswagen
15220@gmail.com,Copart@1,Ford
15221@gmail.com,Copart@1,Hyundai
15222@gmail.com,Copart@1,Renault
15223@gmail.com,Copart@1,Toyota
15224@gmail.com,Copart@1,Honda
15225@gmail.com,Copart@1,Fiat
15226@gmail.com,Copart@1,Volkswagen
15227@gmail.com,Copart@1,Ford
15228@gmail.com,Copart@1,Hyundai
15229@gmail.com,Copart@1,Renault
15230@gmail.com,Copart@1,Toyota
15231@gmail.com,Copart@1,Honda
15232@gmail.com,Copart@1,Fiat
15233@gmail.com,Copart@1,Volkswagen
15234@gmail.com,Copart@1,Ford
15235@gmail.com,Copart@1,Hyundai
15236@gmail.com,Copart@1,Renault
15237@gmail.com,Copart@1,Toyota
15238@gmail.com,Copart@1,Honda
15239@gmail.com,Copart@1,Fiat
15240@gmail.com,Copart@1,Volkswagen
15241@gmail.com,Copart@1,Ford
15242@gmail.com,Copart@1,Hyundai
15243@gmail.com,Copart@1,Renault
15244@gmail.com,Copart@1,Toyota
15245@gmail.com,Copart@1,Honda
15246@gmail.com,Copart@1,Fiat
15247@gmail.com,Copart@1,Volkswagen
15248@gmail.com,Copart@1,Ford
15249@gmail.com,Copart@1,Hyundai
15250@gmail.com,Copart@1,Renault
15251@gmail.com,Copart@1,Toyota
15252@gmail.com,Copart@1,Honda
15253@gmail.com,Copart@1,Fiat
15254@gmail.com,Copart@1,Volkswagen
15255@gmail.com,Copart@1,Ford
15256@gmail.com,Copart@1,Hyundai
15257@gmail.com,Copart@1,Renault
15258@gmail.com,Copart@1,Toyota
15259@gmail.com,Copart@1,Honda
15260@gmail.com,Copart@1,Fiat
15261@gmail.com,Copart@1,Volkswagen
15262@gmail.com,Copart@1,Ford
15263@gmail.com,Copart@1,Hyundai
15264@gmail.com,Copart@1,Renault
15265@gmail.com,Copart@1,Toyota
15266@gmail.com,Copart@1,Honda
15267@gmail.com,Copart@1,Fiat
15268@gmail.com,Copart@1,Volkswagen
15269@gmail.com,Copart@1,Ford
15270@gmail.com,Copart@1,Hyundai
15271@gmail.com,Copart@1,Renault
15272@gmail.com,Copart@1,Toyota
15273@gmail.com,Copart@1,Honda
15274@gmail.com,Copart@1,Fiat
15275@gmail.com,Copart@1,Volkswagen
15276@gmail.com,Copart@1,Ford
15277@gmail.com,Copart@1,Hyundai
15278@gmail.com,Copart@1,Renault
15279@gmail.com,Copart@1,Toyota
15280@gmail.com,Copart@1,Honda
15281@gmail.com,Copart@1,Fiat
15282@gmail.com,Copart@1,Volkswagen
15283@gmail.com,Copart@1,Ford
15284@gmail.com,Copart@1,Hyundai
15285@gmail.com,Copart@1,Renault
15286@gmail.com,Copart@1,Toyota
15287@gmail.com,Copart@1,Honda
15288@gmail.com,Copart@1,Fiat
15289@gmail.com,Copart@1,Volkswagen
15290@gmail.com,Copart@1,Ford
15291@gmail.com,Copart@1,Hyundai
15292@gmail.com,Copart@1,Renault
15293@gmail.com,Copart@1,Toyota
15294@gmail.com,Copart@1,Honda
15295@gmail.com,Copart@1,Fiat
15296@gmail.com,Copart@1,Volkswagen
15297@gmail.com,Copart@1,Ford
15298@gmail.com,Copart@1,Hyundai
15299@gmail.com,Copart@1,Renault
15300@gmail.com,Copart@1,Toyota
15301@gmail.com,Copart@1,Honda
15302@gmail.com,Copart@1,Fiat
15303@gmail.com,Copart@1,Volkswagen
15304@gmail.com,Copart@1,Ford
15305@gmail.com,Copart@1,Hyundai
15306@gmail.com,Copart@1,Renault
15307@gmail.com,Copart@1,Toyota
15308@gmail.com,Copart@1,Honda
15309@gmail.com,Copart@1,Fiat
15310@gmail.com,Copart@1,Volkswagen
15311@gmail.com,Copart@1,Ford
15312@gmail.com,Copart@1,Hyundai
15313@gmail.com,Copart@1,Renault
15314@gmail.com,Copart@1,Toyota
15315@gmail.com,Copart@1,Honda
15316@gmail.com,Copart@1,Fiat
15317@gmail.com,Copart@1,Volkswagen
15318@gmail.com,Copart@1,Ford
15319@gmail.com,Copart@1,Hyundai
15320@gmail.com,Copart@1,Renault
15321@gmail.com,Copart@1,Toyota
15322@gmail.com,Copart@1,Honda
15323@gmail.com,Copart@1,Fiat
15324@gmail.com,Copart@1,Volkswagen
15325@gmail.com,Copart@1,Ford
15326@gmail.com,Copart@1,Hyundai
15327@gmail.com,Copart@1,Renault
15328@gmail.com,Copart@1,Toyota
15329@gmail.com,Copart@1,Honda
15330@gmail.com,Copart@1,Fiat
15331@gmail.com,Copart@1,Volkswagen
15332@gmail.com,Copart@1,Ford
15333@gmail.com,Copart@1,Hyundai
15334@gmail.com,Copart@1,Renault
15335@gmail.com,Copart@1,Toyota
15336@gmail.com,Copart@1,Honda
15337@gmail.com,Copart@1,Fiat
15338@gmail.com,Copart@1,Volkswagen
15339@gmail.com,Copart@1,Ford
15340@gmail.com,Copart@1,Hyundai
15341@gmail.com,Copart@1,Renault
15342@gmail.com,Copart@1,Toyota
15343@gmail.com,Copart@1,Honda
15344@gmail.com,Copart@1,Fiat
15345@gmail.com,Copart@1,Volkswagen
15346@gmail.com,Copart@1,Ford
15347@gmail.com,Copart@1,Hyundai
15348@gmail.com,Copart@1,Renault
15349@gmail.com,Copart@1,Toyota
15350@gmail.com,Copart@1,Honda
15351@gmail.com,Copart@1,Fiat
15352@gmail.com,Copart@1,Volkswagen
15353@gmail.com,Copart@1,Ford
15354@gmail.com,Copart@1,Hyundai
15355@gmail.com,Copart@1,Renault
15356@gmail.com,Copart@1,Toyota
15357@gmail.com,Copart@1,Honda
15358@gmail.com,Copart@1,Fiat
15359@gmail.com,Copart@1,Volkswagen
15360@gmail.com,Copart@1,Ford
15361@gmail.com,Copart@1,Hyundai
15362@gmail.com,Copart@1,Renault
15363@gmail.com,Copart@1,Toyota
15364@gmail.com,Copart@1,Honda
15365@gmail.com,Copart@1,Fiat
15366@gmail.com,Copart@1,Volkswagen
15367@gmail.com,Copart@1,Ford
15368@gmail.com,Copart@1,Hyundai
15369@gmail.com,Copart@1,Renault
15370@gmail.com,Copart@1,Toyota
15371@gmail.com,Copart@1,Honda
15372@gmail.com,Copart@1,Fiat
15373@gmail.com,Copart@1,Volkswagen
15374@gmail.com,Copart@1,Ford
15375@gmail.com,Copart@1,Hyundai
15376@gmail.com,Copart@1,Renault
15377@gmail.com,Copart@1,Toyota
15378@gmail.com,Copart@1,Honda
15379@gmail.com,Copart@1,Fiat
15380@gmail.com,Copart@1,Volkswagen
15381@gmail.com,Copart@1,Ford
15382@gmail.com,Copart@1,Hyundai
15383@gmail.com,Copart@1,Renault
15384@gmail.com,Copart@1,Toyota
15385@gmail.com,Copart@1,Honda
15386@gmail.com,Copart@1,Fiat
15387@gmail.com,Copart@1,Volkswagen
15388@gmail.com,Copart@1,Ford
15389@gmail.com,Copart@1,Hyundai
15390@gmail.com,Copart@1,Renault
15391@gmail.com,Copart@1,Toyota
15392@gmail.com,Copart@1,Honda
15393@gmail.com,Copart@1,Fiat
15394@gmail.com,Copart@1,Volkswagen
15395@gmail.com,Copart@1,Ford
15396@gmail.com,Copart@1,Hyundai
15397@gmail.com,Copart@1,Renault
15398@gmail.com,Copart@1,Toyota
15399@gmail.com,Copart@1,Honda
15400@gmail.com,Copart@1,Fiat
15401@gmail.com,Copart@1,Volkswagen
15402@gmail.com,Copart@1,Ford
15403@gmail.com,Copart@1,Hyundai
15404@gmail.com,Copart@1,Renault
15405@gmail.com,Copart@1,Toyota
15406@gmail.com,Copart@1,Honda
15407@gmail.com,Copart@1,Fiat
15408@gmail.com,Copart@1,Volkswagen
15409@gmail.com,Copart@1,Ford
15410@gmail.com,Copart@1,Hyundai
15411@gmail.com,Copart@1,Renault
15412@gmail.com,Copart@1,Toyota
15413@gmail.com,Copart@1,Honda
15414@gmail.com,Copart@1,Fiat
15415@gmail.com,Copart@1,Volkswagen
15416@gmail.com,Copart@1,Ford
15417@gmail.com,Copart@1,Hyundai
15418@gmail.com,Copart@1,Renault
