UserId,Password
6048,copart1
6131,copart1
6146,copart1
6178,copart1
6193,copart1
6200,copart1
6219,copart1
6256,copart1
6269,copart1
6284,copart1
6659,copart1
6666,copart1
6667,copart1
6687,copart1
6688,copart1
6689,copart1
6697,copart1
6726,copart1
6747,copart1
6755,copart1
6762,copart1
6789,copart1
6871,copart1
6885,copart1
6887,copart1
6896,copart1
6902,copart1
6906,copart1
6914,copart1
6926,copart1
7027,copart1
7043,copart1
7069,copart1
7075,copart1
7083,copart1
7125,copart1
7140,copart1
7155,copart1
7165,copart1
7219,copart1
7220,copart1
7221,copart1
7225,copart1
7251,copart1
7265,copart1
7302,copart1
7314,copart1
7330,copart1
7342,copart1
7353,copart1
7357,copart1
7378,copart1
7439,copart1
7445,copart1
7446,copart1
7449,copart1
6048,copart1
6131,copart1
6146,copart1
6178,copart1
6193,copart1
6200,copart1
6219,copart1
6256,copart1
6269,copart1
6284,copart1
6659,copart1
6666,copart1
6667,copart1
6687,copart1
6688,copart1
6689,copart1
6697,copart1
6726,copart1
6747,copart1
6755,copart1
6762,copart1
6789,copart1
6871,copart1
6885,copart1
6887,copart1
6896,copart1
6902,copart1
6906,copart1
6914,copart1
6926,copart1
7027,copart1
7043,copart1
7069,copart1
7075,copart1
7083,copart1
7125,copart1
7140,copart1
7155,copart1
7165,copart1
7219,copart1
7220,copart1
7221,copart1
7225,copart1
7251,copart1
7265,copart1
7302,copart1
7314,copart1
7330,copart1
7342,copart1
7353,copart1
7357,copart1
7378,copart1
7439,copart1
7445,copart1
7446,copart1
7449,copart1
6048,copart1
6131,copart1
6146,copart1
6178,copart1
6193,copart1
6200,copart1
6219,copart1
6256,copart1
6269,copart1
6284,copart1
6659,copart1
6666,copart1
6667,copart1
6687,copart1
6688,copart1
6689,copart1
6697,copart1
6726,copart1
6747,copart1
6755,copart1
6762,copart1
6789,copart1
6871,copart1
6885,copart1
6887,copart1
6896,copart1
6902,copart1
6906,copart1
6914,copart1
6926,copart1
7027,copart1
7043,copart1
7069,copart1
7075,copart1
7083,copart1
7125,copart1
7140,copart1
7155,copart1
7165,copart1
7219,copart1
7220,copart1
7221,copart1
7225,copart1
7251,copart1
7265,copart1
7302,copart1
7314,copart1
7330,copart1
7342,copart1
7353,copart1
7357,copart1
7378,copart1
7439,copart1
7445,copart1
7446,copart1
7449,copart1
6048,copart1
6131,copart1
6146,copart1
6178,copart1
6193,copart1
6200,copart1
6219,copart1
6256,copart1
6269,copart1
6284,copart1
6659,copart1
6666,copart1
6667,copart1
6687,copart1
6688,copart1
6689,copart1
6697,copart1
6726,copart1
6747,copart1
6755,copart1
6762,copart1
6789,copart1
6871,copart1
6885,copart1
6887,copart1
6896,copart1
6902,copart1
6906,copart1
6914,copart1
6926,copart1
7027,copart1
7043,copart1
7069,copart1
7075,copart1
7083,copart1
7125,copart1
7140,copart1
7155,copart1
7165,copart1
7219,copart1
7220,copart1
7221,copart1
7225,copart1
7251,copart1
7265,copart1
7302,copart1
7314,copart1
7330,copart1
7342,copart1
7353,copart1
7357,copart1
7378,copart1
7439,copart1
7445,copart1
7446,copart1
7449,copart1
6048,copart1
6131,copart1
6146,copart1
6178,copart1
6193,copart1
6200,copart1
6219,copart1
6256,copart1
6269,copart1
6284,copart1
6659,copart1
6666,copart1
6667,copart1
6687,copart1
6688,copart1
6689,copart1
6697,copart1
6726,copart1
6747,copart1
6755,copart1
6762,copart1
6789,copart1
6871,copart1
6885,copart1
6887,copart1
6896,copart1
6902,copart1
6906,copart1
6914,copart1
6926,copart1
7027,copart1
7043,copart1
7069,copart1
7075,copart1
7083,copart1
7125,copart1
7140,copart1
7155,copart1
7165,copart1
7219,copart1
7220,copart1
7221,copart1
7225,copart1
7251,copart1
7265,copart1
7302,copart1
7314,copart1
7330,copart1
7342,copart1
7353,copart1
7357,copart1
7378,copart1
7439,copart1
7445,copart1
7446,copart1
7449,copart1
6048,copart1
6131,copart1
6146,copart1
6178,copart1
6193,copart1
6200,copart1
6219,copart1
6256,copart1
6269,copart1
6284,copart1
6659,copart1
6666,copart1
6667,copart1
6687,copart1
6688,copart1
6689,copart1
6697,copart1
6726,copart1
6747,copart1
6755,copart1
6762,copart1
6789,copart1
6871,copart1
6885,copart1
6887,copart1
6896,copart1
6902,copart1
6906,copart1
6914,copart1
6926,copart1
7027,copart1
7043,copart1
7069,copart1
7075,copart1
7083,copart1
7125,copart1
7140,copart1
7155,copart1
7165,copart1
7219,copart1
7220,copart1
7221,copart1
7225,copart1
7251,copart1
7265,copart1
7302,copart1
7314,copart1
7330,copart1
7342,copart1
7353,copart1
7357,copart1
7378,copart1
7439,copart1
7445,copart1
7446,copart1
7449,copart1
6048,copart1
6131,copart1
6146,copart1
6178,copart1
6193,copart1
6200,copart1
6219,copart1
6256,copart1
6269,copart1
6284,copart1
6659,copart1
6666,copart1
6667,copart1
6687,copart1
6688,copart1
6689,copart1
6697,copart1
6726,copart1
6747,copart1
6755,copart1
6762,copart1
6789,copart1
6871,copart1
6885,copart1
6887,copart1
6896,copart1
6902,copart1
6906,copart1
6914,copart1
6926,copart1
7027,copart1
7043,copart1
7069,copart1
7075,copart1
7083,copart1
7125,copart1
7140,copart1
7155,copart1
7165,copart1
7219,copart1
7220,copart1
7221,copart1
7225,copart1
7251,copart1
7265,copart1
7302,copart1
7314,copart1
7330,copart1
7342,copart1
7353,copart1
7357,copart1
7378,copart1
7439,copart1
7445,copart1
7446,copart1
7449,copart1
6048,copart1
6131,copart1
6146,copart1
6178,copart1
6193,copart1
6200,copart1
6219,copart1
6256,copart1
6269,copart1
6284,copart1
6659,copart1
6666,copart1
6667,copart1
6687,copart1
6688,copart1
6689,copart1
6697,copart1
6726,copart1
6747,copart1
6755,copart1
6762,copart1
6789,copart1
6871,copart1
6885,copart1
6887,copart1
6896,copart1
6902,copart1
6906,copart1
6914,copart1
6926,copart1
7027,copart1
7043,copart1
7069,copart1
7075,copart1
7083,copart1
7125,copart1
7140,copart1
7155,copart1
7165,copart1
7219,copart1
7220,copart1
7221,copart1
7225,copart1
7251,copart1
7265,copart1
7302,copart1
7314,copart1
7330,copart1
7342,copart1
7353,copart1
7357,copart1
7378,copart1
7439,copart1
7445,copart1
7446,copart1
7449,copart1
6048,copart1
6131,copart1
6146,copart1
6178,copart1
6193,copart1
6200,copart1
6219,copart1
6256,copart1
6269,copart1
6284,copart1
6659,copart1
6666,copart1
6667,copart1
6687,copart1
6688,copart1
6689,copart1
6697,copart1
6726,copart1
6747,copart1
6755,copart1
6762,copart1
6789,copart1
6871,copart1
6885,copart1
6887,copart1
6896,copart1
6902,copart1
6906,copart1
6914,copart1
6926,copart1
7027,copart1
7043,copart1
7069,copart1
7075,copart1
7083,copart1
7125,copart1
7140,copart1
7155,copart1
7165,copart1
7219,copart1
7220,copart1
7221,copart1
7225,copart1
7251,copart1
7265,copart1
7302,copart1
7314,copart1
7330,copart1
7342,copart1
7353,copart1
7357,copart1
7378,copart1
7439,copart1
7445,copart1
7446,copart1
7449,copart1
6048,copart1
6131,copart1
6146,copart1
6178,copart1
6193,copart1
6200,copart1
6219,copart1
6256,copart1
6269,copart1
6284,copart1
6659,copart1
6666,copart1
6667,copart1
6687,copart1
6688,copart1
6689,copart1
6697,copart1
6726,copart1
6747,copart1
6755,copart1
6762,copart1
6789,copart1
6871,copart1
6885,copart1
6887,copart1
6896,copart1
6902,copart1
6906,copart1
6914,copart1
6926,copart1
7027,copart1
7043,copart1
7069,copart1
7075,copart1
7083,copart1
7125,copart1
7140,copart1
7155,copart1
7165,copart1
7219,copart1
7220,copart1
7221,copart1
7225,copart1
7251,copart1
7265,copart1
7302,copart1
7314,copart1
7330,copart1
7342,copart1
7353,copart1
7357,copart1
7378,copart1
7439,copart1
7445,copart1
7446,copart1
7449,copart1
6048,copart1
6131,copart1
6146,copart1
6178,copart1
6193,copart1
6200,copart1
6219,copart1
6256,copart1
6269,copart1
6284,copart1
6659,copart1
6666,copart1
6667,copart1
6687,copart1
6688,copart1
6689,copart1
6697,copart1
6726,copart1
6747,copart1
6755,copart1
6762,copart1
6789,copart1
6871,copart1
6885,copart1
6887,copart1
6896,copart1
6902,copart1
6906,copart1
6914,copart1
6926,copart1
7027,copart1
7043,copart1
7069,copart1
7075,copart1
7083,copart1
7125,copart1
7140,copart1
7155,copart1
7165,copart1
7219,copart1
7220,copart1
7221,copart1
7225,copart1
7251,copart1
7265,copart1
7302,copart1
7314,copart1
7330,copart1
7342,copart1
7353,copart1
7357,copart1
7378,copart1
7439,copart1
7445,copart1
7446,copart1
7449,copart1
6048,copart1
6131,copart1
6146,copart1
6178,copart1
6193,copart1
6200,copart1
6219,copart1
6256,copart1
6269,copart1
6284,copart1
6659,copart1
6666,copart1
6667,copart1
6687,copart1
6688,copart1
6689,copart1
6697,copart1
6726,copart1
6747,copart1
6755,copart1
6762,copart1
6789,copart1
6871,copart1
6885,copart1
6887,copart1
6896,copart1
6902,copart1
6906,copart1
6914,copart1
6926,copart1
7027,copart1
7043,copart1
7069,copart1
7075,copart1
7083,copart1
7125,copart1
7140,copart1
7155,copart1
7165,copart1
7219,copart1
7220,copart1
7221,copart1
7225,copart1
7251,copart1
7265,copart1
7302,copart1
7314,copart1
7330,copart1
7342,copart1
7353,copart1
7357,copart1
7378,copart1
7439,copart1
7445,copart1
7446,copart1
7449,copart1
6048,copart1
6131,copart1
6146,copart1
6178,copart1
6193,copart1
6200,copart1
6219,copart1
6256,copart1
6269,copart1
6284,copart1
6659,copart1
6666,copart1
6667,copart1
6687,copart1
6688,copart1
6689,copart1
6697,copart1
6726,copart1
6747,copart1
6755,copart1
6762,copart1
6789,copart1
6871,copart1
6885,copart1
6887,copart1
6896,copart1
6902,copart1
6906,copart1
6914,copart1
6926,copart1
7027,copart1
7043,copart1
7069,copart1
7075,copart1
7083,copart1
7125,copart1
7140,copart1
7155,copart1
7165,copart1
7219,copart1
7220,copart1
7221,copart1
7225,copart1
7251,copart1
7265,copart1
7302,copart1
7314,copart1
7330,copart1
7342,copart1
7353,copart1
7357,copart1
7378,copart1
7439,copart1
7445,copart1
7446,copart1
7449,copart1
6048,copart1
6131,copart1
6146,copart1
6178,copart1
6193,copart1
6200,copart1
6219,copart1
6256,copart1
6269,copart1
6284,copart1
6659,copart1
6666,copart1
6667,copart1
6687,copart1
6688,copart1
6689,copart1
6697,copart1
6726,copart1
6747,copart1
6755,copart1
6762,copart1
6789,copart1
6871,copart1
6885,copart1
6887,copart1
6896,copart1
6902,copart1
6906,copart1
6914,copart1
6926,copart1
7027,copart1
7043,copart1
7069,copart1
7075,copart1
7083,copart1
7125,copart1
7140,copart1
7155,copart1
7165,copart1
7219,copart1
7220,copart1
7221,copart1
7225,copart1
7251,copart1
7265,copart1
7302,copart1
7314,copart1
7330,copart1
7342,copart1
7353,copart1
7357,copart1
7378,copart1
7439,copart1
7445,copart1
7446,copart1
7449,copart1
6048,copart1
6131,copart1
6146,copart1
6178,copart1
6193,copart1
6200,copart1
6219,copart1
6256,copart1
6269,copart1
6284,copart1
6659,copart1
6666,copart1
6667,copart1
6687,copart1
6688,copart1
6689,copart1
6697,copart1
6726,copart1
6747,copart1
6755,copart1
6762,copart1
6789,copart1
6871,copart1
6885,copart1
6887,copart1
6896,copart1
6902,copart1
6906,copart1
6914,copart1
6926,copart1
7027,copart1
7043,copart1
7069,copart1
7075,copart1
7083,copart1
7125,copart1
7140,copart1
7155,copart1
7165,copart1
7219,copart1
7220,copart1
7221,copart1
7225,copart1
7251,copart1
7265,copart1
7302,copart1
7314,copart1
7330,copart1
7342,copart1
7353,copart1
7357,copart1
7378,copart1
7439,copart1
7445,copart1
7446,copart1
7449,copart1
6048,copart1
6131,copart1
6146,copart1
6178,copart1
6193,copart1
6200,copart1
6219,copart1
6256,copart1
6269,copart1
6284,copart1
6659,copart1
6666,copart1
6667,copart1
6687,copart1
6688,copart1
6689,copart1
6697,copart1
6726,copart1
6747,copart1
6755,copart1
6762,copart1
6789,copart1
6871,copart1
6885,copart1
6887,copart1
6896,copart1
6902,copart1
6906,copart1
6914,copart1
6926,copart1
7027,copart1
7043,copart1
7069,copart1
7075,copart1
7083,copart1
7125,copart1
7140,copart1
7155,copart1
7165,copart1
7219,copart1
7220,copart1
7221,copart1
7225,copart1
7251,copart1
7265,copart1
7302,copart1
7314,copart1
7330,copart1
7342,copart1
7353,copart1
7357,copart1
7378,copart1
7439,copart1
7445,copart1
7446,copart1
7449,copart1
6048,copart1
6131,copart1
6146,copart1
6178,copart1
6193,copart1
6200,copart1
6219,copart1
6256,copart1
6269,copart1
6284,copart1
6659,copart1
6666,copart1
6667,copart1
6687,copart1
6688,copart1
6689,copart1
6697,copart1
6726,copart1
6747,copart1
6755,copart1
6762,copart1
6789,copart1
6871,copart1
6885,copart1
6887,copart1
6896,copart1
6902,copart1
6906,copart1
6914,copart1
6926,copart1
7027,copart1
7043,copart1
7069,copart1
7075,copart1
7083,copart1
7125,copart1
7140,copart1
7155,copart1
7165,copart1
7219,copart1
7220,copart1
7221,copart1
7225,copart1
7251,copart1
7265,copart1
7302,copart1
7314,copart1
7330,copart1
7342,copart1
7353,copart1
7357,copart1
7378,copart1
7439,copart1
7445,copart1
7446,copart1
7449,copart1
6048,copart1
6131,copart1
6146,copart1
6178,copart1
6193,copart1
6200,copart1
6219,copart1
6256,copart1
6269,copart1
6284,copart1
6659,copart1
6666,copart1
6667,copart1
6687,copart1
6688,copart1
6689,copart1
6697,copart1
6726,copart1
6747,copart1
6755,copart1
6762,copart1
6789,copart1
6871,copart1
6885,copart1
6887,copart1
6896,copart1
6902,copart1
6906,copart1
6914,copart1
6926,copart1
7027,copart1
7043,copart1
7069,copart1
7075,copart1
7083,copart1
7125,copart1
7140,copart1
7155,copart1
7165,copart1
7219,copart1
7220,copart1
7221,copart1
7225,copart1
7251,copart1
7265,copart1
7302,copart1
7314,copart1
7330,copart1
7342,copart1
7353,copart1
7357,copart1
7378,copart1
7439,copart1
7445,copart1
7446,copart1
7449,copart1
6048,copart1
6131,copart1
6146,copart1
6178,copart1
6193,copart1
6200,copart1
6219,copart1
6256,copart1
6269,copart1
6284,copart1
6659,copart1
6666,copart1
6667,copart1
6687,copart1
6688,copart1
6689,copart1
6697,copart1
6726,copart1
6747,copart1
6755,copart1
6762,copart1
6789,copart1
6871,copart1
6885,copart1
6887,copart1
6896,copart1
6902,copart1
6906,copart1
6914,copart1
6926,copart1
7027,copart1
7043,copart1
7069,copart1
7075,copart1
7083,copart1
7125,copart1
7140,copart1
7155,copart1
7165,copart1
7219,copart1
7220,copart1
7221,copart1
7225,copart1
7251,copart1
7265,copart1
7302,copart1
7314,copart1
7330,copart1
7342,copart1
7353,copart1
7357,copart1
7378,copart1
7439,copart1
7445,copart1
7446,copart1
7449,copart1
6048,copart1
6131,copart1
6146,copart1
6178,copart1
6193,copart1
6200,copart1
6219,copart1
6256,copart1
6269,copart1
6284,copart1
6659,copart1
6666,copart1
6667,copart1
6687,copart1
6688,copart1
6689,copart1
6697,copart1
6726,copart1
6747,copart1
6755,copart1
6762,copart1
6789,copart1
6871,copart1
6885,copart1
6887,copart1
6896,copart1
6902,copart1
6906,copart1
6914,copart1
6926,copart1
7027,copart1
7043,copart1
7069,copart1
7075,copart1
7083,copart1
7125,copart1
7140,copart1
7155,copart1
7165,copart1
7219,copart1
7220,copart1
7221,copart1
7225,copart1
7251,copart1
7265,copart1
7302,copart1
7314,copart1
7330,copart1
7342,copart1
7353,copart1
7357,copart1
7378,copart1
7439,copart1
7445,copart1
7446,copart1
7449,copart1
6048,copart1
6131,copart1
6146,copart1
6178,copart1
6193,copart1
6200,copart1
6219,copart1
6256,copart1
6269,copart1
6284,copart1
6659,copart1
6666,copart1
6667,copart1
6687,copart1
6688,copart1
6689,copart1
6697,copart1
6726,copart1
6747,copart1
6755,copart1
6762,copart1
6789,copart1
6871,copart1
6885,copart1
6887,copart1
6896,copart1
6902,copart1
6906,copart1
6914,copart1
6926,copart1
7027,copart1
7043,copart1
7069,copart1
7075,copart1
7083,copart1
7125,copart1
7140,copart1
7155,copart1
7165,copart1
7219,copart1
7220,copart1
7221,copart1
7225,copart1
7251,copart1
7265,copart1
7302,copart1
7314,copart1
7330,copart1
7342,copart1
7353,copart1
7357,copart1
7378,copart1
7439,copart1
7445,copart1
7446,copart1
7449,copart1
6048,copart1
6131,copart1
6146,copart1
6178,copart1
6193,copart1
6200,copart1
6219,copart1
6256,copart1
6269,copart1
6284,copart1
6659,copart1
6666,copart1
6667,copart1
6687,copart1
6688,copart1
6689,copart1
6697,copart1
6726,copart1
6747,copart1
6755,copart1
6762,copart1
6789,copart1
6871,copart1
6885,copart1
6887,copart1
6896,copart1
6902,copart1
6906,copart1
6914,copart1
6926,copart1
7027,copart1
7043,copart1
7069,copart1
7075,copart1
7083,copart1
7125,copart1
7140,copart1
7155,copart1
7165,copart1
7219,copart1
7220,copart1
7221,copart1
7225,copart1
7251,copart1
7265,copart1
7302,copart1
7314,copart1
7330,copart1
7342,copart1
7353,copart1
7357,copart1
7378,copart1
7439,copart1
7445,copart1
7446,copart1
7449,copart1
6048,copart1
6131,copart1
6146,copart1
6178,copart1
6193,copart1
6200,copart1
6219,copart1
6256,copart1
6269,copart1
6284,copart1
6659,copart1
6666,copart1
6667,copart1
6687,copart1
6688,copart1
6689,copart1
6697,copart1
6726,copart1
6747,copart1
6755,copart1
6762,copart1
6789,copart1
6871,copart1
6885,copart1
6887,copart1
6896,copart1
6902,copart1
6906,copart1
6914,copart1
6926,copart1
7027,copart1
7043,copart1
7069,copart1
7075,copart1
7083,copart1
7125,copart1
7140,copart1
7155,copart1
7165,copart1
7219,copart1
7220,copart1
7221,copart1
7225,copart1
7251,copart1
7265,copart1
7302,copart1
7314,copart1
7330,copart1
7342,copart1
7353,copart1
7357,copart1
7378,copart1
7439,copart1
7445,copart1
7446,copart1
7449,copart1
6048,copart1
6131,copart1
6146,copart1
6178,copart1
6193,copart1
6200,copart1
6219,copart1
6256,copart1
6269,copart1
6284,copart1
6659,copart1
6666,copart1
6667,copart1
6687,copart1
6688,copart1
6689,copart1
6697,copart1
6726,copart1
6747,copart1
6755,copart1
6762,copart1
6789,copart1
6871,copart1
6885,copart1
6887,copart1
6896,copart1
6902,copart1
6906,copart1
6914,copart1
6926,copart1
7027,copart1
7043,copart1
7069,copart1
7075,copart1
7083,copart1
7125,copart1
7140,copart1
7155,copart1
7165,copart1
7219,copart1
7220,copart1
7221,copart1
7225,copart1
7251,copart1
7265,copart1
7302,copart1
7314,copart1
7330,copart1
7342,copart1
7353,copart1
7357,copart1
7378,copart1
7439,copart1
7445,copart1
7446,copart1
7449,copart1
6048,copart1
6131,copart1
6146,copart1
6178,copart1
6193,copart1
6200,copart1
6219,copart1
6256,copart1
6269,copart1
6284,copart1
6659,copart1
6666,copart1
6667,copart1
6687,copart1
6688,copart1
6689,copart1
6697,copart1
6726,copart1
6747,copart1
6755,copart1
6762,copart1
6789,copart1
6871,copart1
6885,copart1
6887,copart1
6896,copart1
6902,copart1
6906,copart1
6914,copart1
6926,copart1
7027,copart1
7043,copart1
7069,copart1
7075,copart1
7083,copart1
7125,copart1
7140,copart1
7155,copart1
7165,copart1
7219,copart1
7220,copart1
7221,copart1
7225,copart1
7251,copart1
7265,copart1
7302,copart1
7314,copart1
7330,copart1
7342,copart1
7353,copart1
7357,copart1
7378,copart1
7439,copart1
7445,copart1
7446,copart1
7449,copart1
6048,copart1
6131,copart1
6146,copart1
6178,copart1
6193,copart1
6200,copart1
6219,copart1
6256,copart1
6269,copart1
6284,copart1
6659,copart1
6666,copart1
6667,copart1
6687,copart1
6688,copart1
6689,copart1
6697,copart1
6726,copart1
6747,copart1
6755,copart1
6762,copart1
6789,copart1
6871,copart1
6885,copart1
6887,copart1
6896,copart1
6902,copart1
6906,copart1
6914,copart1
6926,copart1
7027,copart1
7043,copart1
7069,copart1
7075,copart1
7083,copart1
7125,copart1
7140,copart1
7155,copart1
7165,copart1
7219,copart1
7220,copart1
7221,copart1
7225,copart1
7251,copart1
7265,copart1
7302,copart1
7314,copart1
7330,copart1
7342,copart1
7353,copart1
7357,copart1
7378,copart1
7439,copart1
7445,copart1
7446,copart1
7449,copart1
6048,copart1
6131,copart1
6146,copart1
6178,copart1
6193,copart1
6200,copart1
6219,copart1
6256,copart1
6269,copart1
6284,copart1
6659,copart1
6666,copart1
6667,copart1
6687,copart1
6688,copart1
6689,copart1
6697,copart1
6726,copart1
6747,copart1
6755,copart1
6762,copart1
6789,copart1
6871,copart1
6885,copart1
6887,copart1
6896,copart1
6902,copart1
6906,copart1
6914,copart1
6926,copart1
7027,copart1
7043,copart1
7069,copart1
7075,copart1
7083,copart1
7125,copart1
7140,copart1
7155,copart1
7165,copart1
7219,copart1
7220,copart1
7221,copart1
7225,copart1
7251,copart1
7265,copart1
7302,copart1
7314,copart1
7330,copart1
7342,copart1
7353,copart1
7357,copart1
7378,copart1
7439,copart1
7445,copart1
7446,copart1
7449,copart1
6048,copart1
6131,copart1
6146,copart1
6178,copart1
6193,copart1
6200,copart1
6219,copart1
6256,copart1
6269,copart1
6284,copart1
6659,copart1
6666,copart1
6667,copart1
6687,copart1
6688,copart1
6689,copart1
6697,copart1
6726,copart1
6747,copart1
6755,copart1
6762,copart1
6789,copart1
6871,copart1
6885,copart1
6887,copart1
6896,copart1
6902,copart1
6906,copart1
6914,copart1
6926,copart1
7027,copart1
7043,copart1
7069,copart1
7075,copart1
7083,copart1
7125,copart1
7140,copart1
7155,copart1
7165,copart1
7219,copart1
7220,copart1
7221,copart1
7225,copart1
7251,copart1
7265,copart1
7302,copart1
7314,copart1
7330,copart1
7342,copart1
7353,copart1
7357,copart1
7378,copart1
7439,copart1
7445,copart1
7446,copart1
7449,copart1
6048,copart1
6131,copart1
6146,copart1
6178,copart1
6193,copart1
6200,copart1
6219,copart1
6256,copart1
6269,copart1
6284,copart1
6659,copart1
6666,copart1
6667,copart1
6687,copart1
6688,copart1
6689,copart1
6697,copart1
6726,copart1
6747,copart1
6755,copart1
6762,copart1
6789,copart1
6871,copart1
6885,copart1
6887,copart1
6896,copart1
6902,copart1
6906,copart1
6914,copart1
6926,copart1
7027,copart1
7043,copart1
7069,copart1
7075,copart1
7083,copart1
7125,copart1
7140,copart1
7155,copart1
7165,copart1
7219,copart1
7220,copart1
7221,copart1
7225,copart1
7251,copart1
7265,copart1
7302,copart1
7314,copart1
7330,copart1
7342,copart1
7353,copart1
7357,copart1
7378,copart1
7439,copart1
7445,copart1
7446,copart1
7449,copart1
6048,copart1
6131,copart1
6146,copart1
6178,copart1
6193,copart1
6200,copart1
6219,copart1
6256,copart1
6269,copart1
6284,copart1
6659,copart1
6666,copart1
6667,copart1
6687,copart1
6688,copart1
6689,copart1
6697,copart1
6726,copart1
6747,copart1
6755,copart1
6762,copart1
6789,copart1
6871,copart1
6885,copart1
6887,copart1
6896,copart1
6902,copart1
6906,copart1
6914,copart1
6926,copart1
7027,copart1
7043,copart1
7069,copart1
7075,copart1
7083,copart1
7125,copart1
7140,copart1
7155,copart1
7165,copart1
7219,copart1
7220,copart1
7221,copart1
7225,copart1
7251,copart1
7265,copart1
7302,copart1
7314,copart1
7330,copart1
7342,copart1
7353,copart1
7357,copart1
7378,copart1
7439,copart1
7445,copart1
7446,copart1
7449,copart1
