usename,password
auto0810272015@mailinator.com,Password1
auto0811272015@mailinator.com,Password1
auto0812142015@mailinator.com,Password1
auto0813172015@mailinator.com,Password1
auto0814092015@mailinator.com,Password1
auto0815082015@mailinator.com,Password1
auto0815562015@mailinator.com,Password1
auto0816572015@mailinator.com,Password1
auto0817452015@mailinator.com,Password1
auto0818512015@mailinator.com,Password1
auto0819312015@mailinator.com,Password1
auto0820402015@mailinator.com,Password1
auto0821192015@mailinator.com,Password1
auto0821592015@mailinator.com,Password1
auto0823052015@mailinator.com,Password1
auto0823442015@mailinator.com,Password1
auto0824512015@mailinator.com,Password1
auto0825322015@mailinator.com,Password1
auto0826372015@mailinator.com,Password1
auto0827162015@mailinator.com,Password1
auto0828302015@mailinator.com,Password1
auto0829062015@mailinator.com,Password1
auto0830132015@mailinator.com,Password1
auto0830492015@mailinator.com,Password1
auto0831552015@mailinator.com,Password1
auto0832322015@mailinator.com,Password1
auto0833392015@mailinator.com,Password1
auto0834202015@mailinator.com,Password1
auto0835242015@mailinator.com,Password1
auto0836092015@mailinator.com,Password1
auto0837132015@mailinator.com,Password1
auto0837532015@mailinator.com,Password1
auto0839062015@mailinator.com,Password1
auto0839442015@mailinator.com,Password1
auto0840532015@mailinator.com,Password1
auto0841302015@mailinator.com,Password1
auto0842372015@mailinator.com,Password1
auto0843122015@mailinator.com,Password1
auto0844182015@mailinator.com,Password1
auto0844552015@mailinator.com,Password1
auto0846022015@mailinator.com,Password1
auto0846432015@mailinator.com,Password1
auto0847572015@mailinator.com,Password1
auto0848402015@mailinator.com,Password1
auto0849462015@mailinator.com,Password1
auto0850302015@mailinator.com,Password1
auto0851392015@mailinator.com,Password1
auto0852282015@mailinator.com,Password1
auto0853372015@mailinator.com,Password1
auto0854242015@mailinator.com,Password1
auto0855272015@mailinator.com,Password1
auto0856082015@mailinator.com,Password1
auto0857122015@mailinator.com,Password1
auto0857512015@mailinator.com,Password1
auto0858322015@mailinator.com,Password1
auto0859372015@mailinator.com,Password1
auto0900222015@mailinator.com,Password1
auto0901262015@mailinator.com,Password1
auto0902112015@mailinator.com,Password1
auto0902452015@mailinator.com,Password1
auto0903562015@mailinator.com,Password1
auto0904342015@mailinator.com,Password1
auto0905472015@mailinator.com,Password1
auto0906252015@mailinator.com,Password1
auto0907332015@mailinator.com,Password1
auto0908112015@mailinator.com,Password1
auto0909202015@mailinator.com,Password1
auto0910002015@mailinator.com,Password1
auto0911072015@mailinator.com,Password1
auto0911502015@mailinator.com,Password1
auto0913022015@mailinator.com,Password1
auto0913422015@mailinator.com,Password1
auto0914552015@mailinator.com,Password1
auto0915352015@mailinator.com,Password1
auto0916502015@mailinator.com,Password1
auto0917292015@mailinator.com,Password1
auto0918112015@mailinator.com,Password1
auto0919212015@mailinator.com,Password1
auto0920032015@mailinator.com,Password1
auto0921152015@mailinator.com,Password1
auto0921552015@mailinator.com,Password1
auto0923052015@mailinator.com,Password1
auto0923442015@mailinator.com,Password1
auto0924492015@mailinator.com,Password1
auto0925292015@mailinator.com,Password1
auto0926362015@mailinator.com,Password1
auto0927132015@mailinator.com,Password1
auto0928192015@mailinator.com,Password1
auto0928592015@mailinator.com,Password1
auto0930042015@mailinator.com,Password1
auto0930432015@mailinator.com,Password1
auto0931502015@mailinator.com,Password1
auto0932302015@mailinator.com,Password1
auto0933422015@mailinator.com,Password1
auto0934232015@mailinator.com,Password1
auto0935292015@mailinator.com,Password1
auto0936092015@mailinator.com,Password1
auto0937152015@mailinator.com,Password1
auto0937542015@mailinator.com,Password1
auto0939022015@mailinator.com,Password1
auto0939382015@mailinator.com,Password1
auto0940452015@mailinator.com,Password1
